Origin,DayOfYear,cancelledTotal,cancelledCarrier,cancelledWeather,cancelledNAS,cancelledSecurity
ORD,36,635,36,480,119,0
DFW,77,565,14,546,5,0
IAH,257,470,4,455,11,0
ORD,80,402,28,257,117,0
DFW,65,397,11,386,0,0
ORD,34,389,16,170,203,0
ATL,18,383,9,365,9,0
ORD,216,371,19,196,156,0
IAH,256,343,2,337,4,0
DFW,99,338,328,10,0,0
ORD,30,330,33,48,249,0
DFW,100,324,301,21,2,0
IAH,255,305,1,302,2,0
ORD,159,287,8,181,98,0
ORD,358,282,9,69,204,0
ORD,42,280,18,72,190,0
ORD,31,269,15,103,151,0
ATL,194,265,47,88,130,0
EWR,52,264,5,251,8,0
ORD,28,261,27,61,173,0
ORD,361,256,7,165,84,0
ORD,90,254,6,22,226,0
ORD,47,249,14,61,174,0
ORD,115,236,14,115,107,0
LAS,352,234,4,223,7,0
IAH,77,229,10,199,20,0
ATL,15,222,22,193,7,0
ORD,100,209,124,13,72,0
ORD,56,204,6,91,107,0
ORD,354,204,10,169,25,0
DFW,147,199,5,162,32,0
LGA,52,198,2,172,24,0
ORD,351,197,20,108,69,0
ORD,122,195,16,87,92,0
DFW,98,189,188,1,0,0
ORD,35,185,27,129,29,0
EWR,354,184,2,173,9,0
IAH,217,178,2,175,1,0
ORD,99,178,172,5,1,0
ORD,55,178,5,15,158,0
DFW,101,177,177,0,0,0
ORD,27,172,31,6,135,0
BOS,13,168,28,140,0,0
ORD,33,158,29,57,72,0
JFK,52,147,3,134,10,0
ORD,86,145,32,54,59,0
ORD,157,145,19,6,120,0
ORD,5,145,12,69,64,0
ORD,365,143,40,70,33,0
ORD,6,142,24,53,65,0
ORD,335,141,3,50,88,0
BOS,52,140,4,129,7,0
JFK,208,138,6,108,24,0
ORD,16,136,17,9,110,0
ORD,356,136,25,107,4,0
ATL,16,135,7,125,3,0
ORD,150,134,17,7,110,0
ORD,22,132,22,5,105,0
IAH,258,131,8,118,5,0
SFO,3,131,20,71,40,0
ORD,362,129,3,83,43,0
BOS,356,129,2,97,30,0
DFW,62,125,7,116,2,0
LGA,354,123,5,102,16,0
ORD,164,121,7,39,75,0
ATL,67,120,13,72,35,0
LGA,204,119,21,32,66,0
ORD,101,118,94,8,16,0
ORD,131,118,17,4,97,0
ORD,98,118,67,6,45,0
ATL,21,117,2,113,2,0
EWR,204,116,13,31,72,0
ATL,361,116,12,37,67,0
EWR,43,115,4,54,57,0
DFW,46,114,12,102,0,0
ORD,21,112,24,7,81,0
ORD,256,111,7,74,30,0
ORD,77,107,17,39,51,0
JFK,354,106,5,97,4,0
ORD,154,104,6,40,58,0
JFK,204,103,13,76,14,0
LGA,43,103,12,36,55,0
DTW,354,102,25,74,3,0
BOS,354,102,6,87,9,0
ORD,343,99,11,36,52,0
LGA,13,99,3,96,0,0
DFW,26,98,11,87,0,0
DFW,24,97,7,89,1,0
ATL,94,97,28,23,46,0
ORD,20,96,19,8,69,0
ORD,166,96,17,11,68,0
LGA,223,95,5,29,61,0
ORD,247,94,25,1,68,0
IAH,345,94,20,64,10,0
JFK,223,93,10,69,14,0
JFK,214,92,2,73,17,0
DFW,160,92,14,63,15,0
EWR,67,92,7,62,23,0
LGA,222,91,7,32,52,0
DFW,170,91,8,82,1,0
ATL,25,90,2,88,0,0
ORD,62,90,15,12,63,0
ATL,191,89,26,25,38,0
EWR,208,88,4,34,50,0
ATL,63,88,14,46,28,0
DFW,85,88,88,0,0,0
EWR,356,87,1,86,0,0
ORD,52,87,8,78,1,0
ATL,238,85,14,5,66,0
DFW,66,85,4,80,1,0
EWR,13,85,0,85,0,0
ATL,345,84,17,8,59,0
DFW,353,83,5,78,0,0
ORD,38,82,26,3,53,0
DTW,80,82,35,33,14,0
EWR,42,82,6,55,21,0
JFK,222,82,2,61,19,0
DCA,52,81,3,77,1,0
ORD,7,81,12,10,59,0
LGA,167,80,11,21,48,0
ATL,52,80,9,44,27,0
EWR,222,78,2,8,68,0
DFW,256,78,5,73,0,0
DFW,168,77,11,66,0,0
DFW,227,77,11,43,23,0
LGA,94,77,12,24,41,0
JFK,67,77,4,55,18,0
ORD,191,76,10,21,45,0
LGA,208,76,3,33,40,0
EWR,31,76,6,30,40,0
LGA,42,76,3,53,20,0
ORD,85,76,75,1,0,0
LGA,252,75,7,17,51,0
ATL,85,75,74,0,1,0
ORD,59,75,24,3,48,0
EWR,167,75,4,18,53,0
LGA,302,74,9,11,54,0
EWR,223,74,2,14,58,0
DFW,127,74,9,64,1,0
ATL,212,74,20,12,42,0
JFK,13,74,27,47,0,0
ORD,204,73,21,15,37,0
ORD,183,73,10,19,44,0
JFK,227,73,3,57,13,0
DFW,35,72,21,44,7,0
LGA,31,72,11,38,23,0
ORD,41,72,33,22,17,0
ORD,67,71,19,49,3,0
IAH,177,70,4,63,3,0
JFK,226,70,1,56,13,0
LGA,269,69,8,18,43,0
ORD,29,69,34,21,14,0
EWR,214,69,8,7,54,0
IAD,52,69,20,45,4,0
ATL,237,69,6,4,59,0
ATL,187,68,9,22,37,0
ORD,48,68,35,4,29,0
SFO,24,68,4,3,61,0
ATL,86,68,68,0,0,0
DFW,351,67,7,60,0,0
LGA,118,67,6,6,55,0
ORD,43,67,29,18,20,0
ORD,257,66,8,32,26,0
EWR,227,66,6,14,46,0
EWR,346,66,6,12,48,0
BOS,204,65,13,25,27,0
ATL,346,64,11,10,43,0
ATL,354,64,1,58,5,0
LGA,67,61,7,40,14,0
DTW,36,61,18,29,14,0
DFW,28,61,13,18,30,0
IAH,350,61,0,20,41,0
ORD,255,60,4,16,40,0
EWR,132,60,2,6,52,0
LGA,10,60,18,13,29,0
LGA,78,60,11,18,31,0
JFK,356,59,4,51,4,0
DFW,315,59,2,38,19,0
ORD,155,59,8,18,33,0
ATL,42,58,7,44,7,0
BOS,355,58,6,37,15,0
EWR,173,57,5,5,47,0
ORD,1,57,28,17,12,0
DFW,102,57,57,0,0,0
DFW,70,57,5,52,0,0
BOS,43,57,8,33,16,0
BOS,208,57,8,26,23,0
ORD,359,56,13,38,5,0
LGA,165,56,10,31,15,0
ATL,319,56,16,11,29,0
LGA,180,56,2,24,30,0
IAH,353,55,0,55,0,0
JFK,42,55,0,48,7,0
DFW,362,55,6,49,0,0
ORD,89,55,16,2,37,0
LGA,226,55,8,20,27,0
LGA,36,54,8,36,10,0
ORD,353,53,7,37,9,0
LGA,147,53,8,17,28,0
LGA,227,53,7,17,29,0
ATL,66,52,6,42,4,0
JFK,167,52,2,34,16,0
BOS,223,52,6,23,23,0
DTW,34,52,10,38,4,0
DTW,365,52,28,15,9,0
EWR,220,51,3,8,40,0
ORD,180,51,23,12,16,0
LGA,205,51,7,14,30,0
LGA,29,51,11,16,24,0
LAX,3,51,14,25,12,0
EWR,351,50,1,30,19,0
ATL,204,50,22,15,13,0
DCA,204,50,9,16,25,0
EWR,94,50,6,7,37,0
ORD,40,50,24,23,3,0
EWR,129,50,4,5,41,0
JFK,118,50,2,29,19,0
DFW,134,50,18,32,0,0
ORD,337,49,8,15,26,0
LAS,353,49,10,37,2,0
ATL,244,49,1,48,0,0
ORD,217,49,13,23,13,0
ORD,212,49,12,5,32,0
LGA,132,49,7,13,29,0
JFK,252,49,0,38,11,0
ORD,63,49,24,23,2,0
LGA,319,48,7,21,20,0
LGA,173,48,7,18,23,0
ORD,118,48,9,6,33,0
EWR,68,48,16,3,29,0
ATL,51,48,13,34,1,0
LGA,41,48,12,11,25,0
DFW,90,47,12,27,8,0
IAH,233,47,0,33,14,0
ORD,51,47,9,37,1,0
DFW,86,47,47,0,0,0
ORD,66,47,20,22,5,0
JFK,249,47,0,39,8,0
LGA,66,47,10,22,15,0
LAS,43,47,11,36,0,0
DCA,354,46,3,36,7,0
DTW,356,46,11,30,5,0
EWR,252,46,1,12,33,0
ATL,203,46,8,15,23,0
ORD,192,46,16,24,6,0
JFK,173,46,2,36,8,0
ORD,156,46,17,20,9,0
LGA,161,46,8,20,18,0
ORD,17,46,33,4,9,0
BOS,366,45,3,41,1,0
DFW,244,45,3,42,0,0
DFW,126,45,11,34,0,0
LGA,91,45,8,10,27,0
IAH,244,45,0,45,0,0
ORD,158,45,13,18,14,0
ORD,199,44,18,2,24,0
LGA,155,44,9,10,25,0
LGA,310,44,3,12,29,0
LGA,100,44,41,2,1,0
BOS,205,44,11,18,15,0
DFW,51,44,8,36,0,0
EWR,161,44,4,14,26,0
ORD,37,44,20,22,2,0
ATL,34,44,4,31,9,0
EWR,335,44,6,1,37,0
EWR,10,44,1,20,23,0
DCA,167,43,3,14,26,0
EWR,180,43,2,1,40,0
EWR,64,43,2,10,31,0
ORD,84,43,11,2,30,0
LGA,356,42,4,32,6,0
EWR,366,42,0,42,0,0
LGA,99,42,42,0,0,0
LGA,64,42,16,9,17,0
DFW,179,42,2,39,1,0
SFO,2,41,10,2,29,0
EWR,174,41,7,3,31,0
DEN,61,41,12,27,2,0
ORD,205,41,29,5,7,0
LGA,101,41,34,4,3,0
ATL,35,41,6,30,4,1
EWR,53,41,1,40,0,0
BOS,167,41,7,17,17,0
ATL,353,40,6,34,0,0
JFK,165,40,3,36,1,0
ATL,56,40,12,23,5,0
DTW,42,40,8,22,10,0
LGA,129,40,10,12,18,0
SFO,335,40,3,29,8,0
IAH,69,40,14,26,0,0
DEN,34,40,8,31,1,0
ORD,9,40,29,3,8,0
LAS,33,40,7,7,26,0
ORD,357,39,22,14,3,0
ORD,167,39,11,15,13,0
ORD,202,39,28,10,1,0
BOS,227,39,3,19,17,0
LGA,79,39,12,8,19,0
ATL,74,39,12,14,13,0
JFK,209,39,8,31,0,0
DEN,76,39,5,29,5,0
ATL,47,39,16,15,8,0
EWR,29,39,4,7,28,0
LGA,345,38,7,15,16,0
JFK,220,38,2,31,5,0
IAH,62,38,1,37,0,0
LAX,335,38,3,35,0,0
ATL,36,38,4,30,4,0
ATL,335,38,10,15,13,0
EWR,40,38,3,7,28,0
ORD,342,37,6,23,8,0
ORD,355,37,5,16,16,0
BOS,222,37,3,14,20,0
DCA,223,37,7,14,16,0
DCA,208,37,5,13,19,0
JFK,201,37,4,20,13,0
LGA,169,37,3,15,19,0
SFO,154,37,6,5,26,0
JFK,31,37,4,28,5,0
DTW,67,37,11,15,11,0
ORD,213,37,18,15,4,0
EWR,80,37,2,22,13,0
ORD,12,37,10,26,1,0
EWR,302,36,0,8,28,0
DTW,35,36,11,20,5,0
ORD,201,36,30,2,4,0
LGA,174,36,11,13,12,0
ATL,99,36,35,0,1,0
ORD,102,36,35,1,0,0
IAH,205,36,10,17,9,0
DFW,97,36,34,1,1,0
ATL,78,36,14,3,19,0
JFK,299,36,0,25,11,0
IAH,94,36,2,20,14,0
ORD,352,36,15,15,6,0
EWR,269,36,0,4,32,0
DCA,31,36,9,18,9,0
IAD,43,36,18,11,7,0
DFW,36,36,14,22,0,0
ORD,161,36,15,12,9,0
DFW,47,36,1,30,5,0
EWR,310,35,0,3,32,0
ORD,179,35,13,16,6,0
DCA,43,35,9,11,15,0
SFO,202,35,11,0,24,0
SFO,7,35,7,1,27,0
EWR,56,35,3,26,6,0
IAH,30,35,3,25,7,0
LGA,178,35,6,17,12,0
SFO,30,35,4,2,29,0
EWR,90,35,2,5,28,0
JFK,366,34,2,31,1,0
EWR,345,34,1,5,28,0
DEN,356,34,10,22,2,0
DTW,361,34,8,25,1,0
DCA,194,34,3,10,21,0
DFW,89,34,10,24,0,0
DCA,155,34,5,8,21,0
BOS,118,34,5,14,15,0
DEN,4,34,10,22,2,0
DEN,357,34,5,26,3,0
DTW,358,34,24,5,5,0
DFW,25,34,8,26,0,0
LGA,346,34,9,8,17,0
JFK,78,34,7,22,5,0
DFW,63,34,17,13,4,0
LGA,8,34,13,5,16,0
DEN,33,34,2,29,3,0
DCA,222,34,2,10,22,0
ORD,222,34,11,6,17,0
LAX,51,34,14,14,6,0
LAX,99,34,34,0,0,0
EWR,69,34,34,0,0,0
ORD,310,33,11,2,20,0
DFW,257,33,1,32,0,0
DEN,353,33,3,30,0,0
IAH,289,33,1,30,2,0
ATL,77,33,9,18,6,0
ORD,116,33,10,15,8,0
DTW,122,33,10,16,7,0
ORD,264,33,0,26,7,0
DFW,52,33,0,33,0,0
LAS,26,33,8,14,11,0
ATL,31,33,4,24,5,0
ORD,68,33,23,3,7,0
LGA,16,33,14,14,5,0
DFW,42,33,11,17,5,0
ORD,10,33,18,7,8,0
SFO,28,33,12,0,21,0
ORD,13,33,19,9,5,0
SFO,4,33,12,3,18,0
ORD,24,33,18,3,12,0
IAH,352,32,0,32,0,0
ATL,362,32,13,15,4,0
ORD,350,32,11,13,8,0
JFK,320,32,2,26,4,0
DFW,94,32,19,9,4,0
IAH,134,32,2,20,10,0
ORD,91,32,15,1,16,0
ATL,257,32,4,27,1,0
LAX,84,32,9,10,13,0
LGA,90,32,12,4,16,0
BOS,31,32,8,13,11,0
DCA,42,32,6,15,11,0
DTW,52,32,3,23,6,0
LGA,86,32,30,0,2,0
ORD,3,32,24,8,0,0
ORD,188,32,5,8,19,0
DEN,355,31,6,21,4,0
DFW,245,31,7,24,0,0
ORD,252,31,5,13,13,0
ATL,255,31,3,25,3,0
DCA,356,31,8,15,8,0
BOS,214,31,3,16,12,0
ATL,231,31,1,30,0,0
LGA,190,31,10,10,11,0
JFK,161,31,4,25,2,0
IAD,204,31,4,11,16,0
ORD,160,31,12,17,2,0
LGA,63,31,11,13,7,0
ORD,345,31,6,10,15,0
DFW,122,31,15,13,3,0
ATL,351,30,3,23,4,0
EWR,355,30,2,20,8,0
ATL,318,30,6,5,19,0
BOS,252,30,3,12,15,0
JFK,43,30,2,19,9,0
SFO,305,30,3,0,27,0
IAD,155,30,6,2,22,0
EWR,101,30,8,2,20,0
LGA,34,30,12,11,7,0
EWR,8,30,2,1,27,0
BOS,67,30,5,21,4,0
BOS,357,29,18,11,0,0
DTW,183,29,3,8,18,0
ORD,176,29,24,0,5,0
DFW,255,29,1,25,3,0
EWR,79,29,4,6,19,0
LGA,21,29,5,9,15,0
EWR,91,29,4,2,23,0
ORD,163,29,10,14,5,0
ORD,58,29,27,2,0,0
SFO,14,29,6,18,5,0
DTW,204,29,9,8,12,0
DTW,66,29,8,19,2,0
ORD,106,29,10,0,19,0
BOS,10,29,10,7,12,0
SFO,356,29,6,19,4,0
EWR,118,29,3,2,24,0
BOS,218,29,5,9,15,0
DTW,31,29,5,17,7,0
JFK,10,29,11,15,3,0
DEN,100,29,21,8,0,0
DFW,30,29,4,17,8,0
DCA,16,29,10,13,6,0
IAD,16,29,5,23,1,0
ATL,356,28,4,24,0,0
JFK,335,28,2,17,9,0
EWR,319,28,1,2,25,0
SFO,307,28,7,0,21,0
IAH,296,28,9,13,6,0
ORD,223,28,7,9,12,0
ORD,194,28,13,9,6,0
ORD,193,28,3,22,3,0
ORD,49,28,28,0,0,0
EWR,194,28,4,5,19,0
DFW,241,28,8,16,4,0
ORD,178,28,14,1,13,0
DFW,34,28,13,12,3,0
EWR,147,28,2,6,20,0
DEN,99,28,22,6,0,0
DCA,13,28,2,26,0,0
SFO,51,28,3,7,18,0
EWR,36,28,0,16,12,0
LGA,48,28,10,5,13,0
SFO,365,28,14,12,2,0
ORD,317,28,5,4,19,0
JFK,355,28,2,17,9,0
ORD,78,28,22,4,2,0
ORD,4,28,11,15,2,0
DEN,361,27,2,25,0,0
LAS,350,27,14,12,1,0
ATL,256,27,1,26,0,0
BOS,147,27,4,6,17,0
DTW,63,27,15,10,2,0
BOS,220,27,8,6,13,0
ORD,200,27,18,1,8,0
IAD,194,27,2,12,13,0
EWR,136,27,2,1,24,0
EWR,122,27,1,2,24,0
LAX,98,27,26,1,0,0
JFK,166,27,4,14,9,0
DCA,67,27,1,24,2,0
LGA,35,27,7,13,7,0
ORD,76,27,17,4,6,0
ORD,8,27,18,4,5,0
EWR,66,27,6,20,1,0
DFW,211,27,9,18,0,0
BOS,156,27,4,6,17,0
BOS,226,26,4,7,15,0
ORD,206,26,23,2,1,0
LGA,220,26,6,5,15,0
DFW,204,26,8,13,5,0
ORD,208,26,9,12,5,0
EWR,165,26,5,5,16,0
EWR,226,26,1,4,21,0
ORD,173,26,11,4,11,0
BOS,42,26,5,17,4,0
BOS,155,26,4,10,12,0
DFW,115,26,7,19,0,0
DFW,93,26,19,4,3,0
EWR,177,26,8,1,17,0
ATL,80,26,4,17,5,0
DTW,43,26,11,5,10,0
DCA,205,26,7,10,9,0
LAX,366,26,0,26,0,0
DTW,1,26,22,2,2,0
EWR,78,26,6,4,16,0
SFO,53,26,6,2,18,0
ORD,32,26,26,0,0,0
DEN,5,26,5,20,1,0
BOS,78,26,5,7,14,0
DTW,64,26,18,3,5,0
ATL,357,26,21,5,0,0
LAX,14,26,13,11,2,0
LGA,355,25,6,10,9,0
DFW,352,25,10,13,2,0
DTW,351,25,3,20,2,0
BOS,94,25,7,7,11,0
DEN,44,25,17,8,0,0
SFO,26,25,4,8,13,0
LGA,203,25,13,5,7,0
ORD,44,25,23,2,0,0
DEN,77,25,6,18,1,0
LGA,98,25,22,1,2,0
BOS,99,25,25,0,0,0
DTW,40,25,10,12,3,0
DCA,86,25,23,0,2,0
ORD,65,25,10,15,0,0
EWR,63,25,2,9,14,0
IAH,227,25,1,24,0,0
DTW,5,25,1,21,3,0
LGA,85,25,18,6,1,0
IAD,161,25,9,4,12,0
ATL,30,25,8,13,4,0
EWR,205,25,6,11,8,0
DTW,56,25,11,8,6,0
ORD,289,25,8,0,17,0
LGA,347,24,7,7,10,0
IAH,356,24,1,9,14,0
SFO,350,24,8,5,11,0
DEN,342,24,5,15,4,0
LAX,352,24,9,14,1,0
BOS,269,24,2,5,17,0
DFW,76,24,19,5,0,0
LGA,189,24,9,8,7,0
DFW,161,24,12,7,5,0
DFW,176,24,15,7,2,0
JFK,194,24,1,17,6,0
EWR,190,24,1,4,19,0
DTW,159,24,9,8,7,0
BOS,310,24,2,7,15,0
ORD,127,24,7,6,11,0
ATL,100,24,23,1,0,0
DFW,113,24,7,17,0,0
DEN,36,24,5,19,0,0
ORD,177,24,12,5,7,0
SFO,99,24,24,0,0,0
SFO,5,24,13,1,10,0
JFK,190,24,2,18,4,0
ORD,64,24,14,5,5,0
DFW,107,24,2,20,2,0
IAD,42,24,8,3,13,0
JFK,205,24,5,17,2,0
SFO,20,24,5,0,19,0
LGA,30,24,8,10,6,0
EWR,48,24,3,1,20,0
ATL,219,24,7,16,1,0
ATL,350,23,11,10,2,0
DTW,362,23,2,17,4,0
BOS,346,23,4,6,13,0
IAD,354,23,1,17,5,0
ORD,366,23,9,14,0,0
IAD,31,23,11,7,5,0
ORD,214,23,13,7,3,0
BOS,219,23,4,8,11,0
DFW,191,23,22,1,0,0
SFO,54,23,4,2,17,0
ATL,160,23,20,1,2,0
JFK,174,23,3,20,0,0
DTW,51,23,6,15,2,0
LGA,159,23,7,9,7,0
DCA,99,23,21,2,0,0
IAH,42,23,3,19,1,0
EWR,35,23,3,9,11,0
ATL,223,23,13,1,9,0
EWR,45,23,3,1,19,0
ATL,48,23,19,1,3,0
BOS,174,23,4,7,12,0
LGA,80,23,3,16,4,0
DCA,63,23,13,8,2,0
LGA,219,23,8,6,9,0
DTW,160,23,14,7,2,0
LGA,40,23,8,9,6,0
ORD,189,23,8,4,11,0
DCA,29,23,7,5,11,0
JFK,180,23,2,16,5,0
DEN,27,23,3,19,1,0
DFW,217,23,10,13,0,0
DTW,29,23,12,6,5,0
LGA,357,22,19,2,1,0
DTW,355,22,13,5,4,0
ATL,245,22,1,21,0,0
DCA,227,22,4,7,11,0
SFO,10,22,6,4,12,0
LGA,97,22,11,2,9,0
ATL,281,22,3,17,2,0
IAH,245,22,0,22,0,0
LGA,194,22,2,9,11,0
BOS,194,22,8,8,6,0
DFW,41,22,8,13,1,0
EWR,178,22,2,4,16,0
DFW,223,22,12,1,9,0
LGA,214,22,7,2,13,0
DEN,159,22,13,8,1,0
ORD,39,22,19,3,0,0
LGA,68,22,11,6,5,0
DEN,217,22,11,11,0,0
DFW,316,22,4,17,1,0
EWR,34,22,2,10,10,0
DEN,205,22,16,3,3,0
LAX,43,22,9,13,0,0
LAX,365,22,9,13,0,0
ATL,248,22,3,17,2,0
JFK,56,22,4,17,1,0
JFK,68,22,8,6,8,0
DFW,78,22,5,15,0,2
IAH,204,22,5,15,2,0
LAX,4,22,16,4,2,0
ORD,25,22,19,2,1,0
DFW,354,22,4,18,0,0
DFW,345,21,9,4,8,0
LAS,356,21,3,17,1,0
DEN,352,21,6,14,1,0
LAX,356,21,4,16,1,0
EWR,318,21,0,2,19,0
ORD,234,21,6,3,12,0
BOS,178,21,5,10,6,0
ATL,208,21,3,8,10,0
DTW,164,21,4,5,12,0
DCA,161,21,8,5,8,0
DFW,180,21,9,9,3,0
SFO,201,21,6,1,14,0
LGA,122,21,9,4,8,0
DTW,91,21,14,4,3,0
EWR,179,21,4,0,17,0
DTW,37,21,20,0,1,0
DTW,357,21,16,3,2,0
EWR,365,21,2,2,17,0
DFW,80,21,11,7,3,0
BOS,53,21,2,18,1,0
ORD,15,21,16,5,0,0
EWR,155,21,0,7,14,0
ORD,23,21,18,3,0,0
ORD,165,21,10,10,1,0
LGA,257,21,2,17,2,0
DFW,215,21,19,1,1,0
JFK,269,21,1,16,4,0
DEN,30,21,7,12,2,0
DFW,212,21,20,0,1,0
ORD,215,21,20,1,0,0
ORD,251,21,4,0,17,0
SFO,9,21,7,0,14,0
ORD,248,20,11,8,1,0
DEN,257,20,4,16,0,0
DEN,256,20,2,18,0,0
DCA,226,20,3,5,12,0
BOS,86,20,18,0,2,0
ORD,209,20,14,6,0,0
ATL,195,20,11,1,8,0
BOS,202,20,13,3,4,0
IAD,208,20,2,8,10,0
DFW,232,20,11,4,5,0
ATL,167,20,6,4,10,0
DTW,47,20,7,9,4,0
EWR,181,20,1,14,5,0
SFO,174,20,6,0,14,0
DCA,178,20,4,6,10,0
JFK,359,20,3,17,0,0
EWR,257,20,2,18,0,0
BOS,129,20,5,10,5,0
DCA,118,20,3,5,12,0
DFW,3,20,17,2,1,0
BOS,100,20,20,0,0,0
BOS,180,20,3,7,10,0
ORD,69,20,18,2,0,0
DCA,78,20,9,3,8,0
DEN,52,20,6,14,0,0
LAX,85,20,20,0,0,0
ATL,213,20,17,2,1,0
LAX,350,20,13,4,3,0
ATL,298,20,5,3,12,0
ATL,29,20,8,8,4,0
LAX,33,20,4,12,4,0
LGA,56,20,5,6,9,0
BOS,63,20,14,4,2,0
IAD,35,20,10,7,3,0
BOS,175,20,8,9,3,0
ATL,101,20,16,3,1,0
LGA,351,19,3,12,4,0
DCA,357,19,12,5,2,0
JFK,357,19,10,9,0,0
EWR,341,19,1,10,8,0
DFW,343,19,8,10,1,0
BOS,203,19,13,5,1,0
ORD,46,19,13,6,0,0
DFW,346,19,5,11,3,0
ORD,45,19,19,0,0,0
DFW,189,19,10,9,0,0
DFW,233,19,11,7,1,0
DFW,210,19,16,1,2,0
BOS,101,19,15,1,3,0
DFW,208,19,8,5,6,0
DFW,33,19,13,4,2,0
LGA,175,19,8,5,6,0
LGA,166,19,10,4,5,0
ATL,192,19,14,2,3,0
EWR,71,19,1,2,16,0
DFW,350,19,12,7,0,0
EWR,219,19,4,2,13,0
JFK,90,19,1,13,5,0
JFK,159,19,5,7,7,0
LAX,34,19,10,9,0,0
DCA,249,19,4,14,1,0
DTW,68,19,17,1,1,0
SFO,49,19,3,0,16,0
LAX,205,19,14,2,3,0
DCA,36,19,1,14,4,0
LAX,52,19,7,11,1,0
ATL,249,19,1,15,3,0
SFO,21,19,8,1,10,0
DTW,21,19,7,4,8,0
DCA,10,19,4,5,10,0
ATL,209,19,14,2,3,0
ORD,19,19,18,0,1,0
BOS,347,18,8,4,6,0
DEN,358,18,3,13,2,0
SFO,366,18,0,17,1,0
ORD,311,18,11,0,7,0
LAX,303,18,2,15,1,0
ORD,258,18,7,7,4,0
DTW,101,18,13,2,3,0
BOS,302,18,3,4,11,0
DCA,147,18,4,5,9,0
ATL,222,18,3,5,10,0
DFW,236,18,15,1,2,0
DEN,201,18,17,1,0,0
IAD,205,18,6,11,1,0
ORD,171,18,7,0,11,0
DCA,173,18,3,4,11,0
BOS,161,18,5,7,6,0
LAX,24,18,7,3,8,0
SFO,353,18,8,10,0,0
ATL,234,18,6,11,1,0
DFW,91,18,14,1,3,0
DTW,65,18,13,5,0,0
EWR,21,18,3,2,13,0
DEN,350,18,12,6,0,0
LAX,77,18,5,13,0,0
DFW,21,18,9,8,1,0
DTW,77,18,5,11,2,0
ORD,94,18,9,2,7,0
ATL,2,18,17,1,0,0
BOS,29,18,8,1,9,0
LAX,100,18,18,0,0,0
LGA,77,18,6,12,0,0
ORD,2,18,17,1,0,0
LGA,160,18,11,4,3,0
ORD,346,18,4,5,9,0
LAX,35,18,12,6,0,0
DCA,100,18,17,1,0,0
ATL,246,18,10,8,0,0
LAX,26,18,8,8,2,0
LGA,71,18,5,6,7,0
BOS,173,18,3,9,6,0
DEN,349,18,9,9,0,0
SFO,22,18,4,0,14,0
DFW,23,18,16,1,1,0
JFK,203,18,1,16,1,0
LAX,28,18,12,1,5,0
ATL,358,17,7,6,4,0
LAX,351,17,16,1,0,0
LGA,335,17,6,4,7,0
JFK,312,17,2,12,3,0
BOS,335,17,7,5,5,0
ORD,360,17,4,13,0,0
LAS,308,17,2,0,15,0
LAS,257,17,3,14,0,0
EWR,169,17,4,1,12,0
DTW,100,17,16,0,1,0
DFW,238,17,13,0,4,0
DFW,216,17,8,7,2,0
IAH,65,17,1,16,0,0
LGA,157,17,1,3,13,0
BOS,345,17,3,6,8,0
DFW,361,17,3,14,0,0
ATL,188,17,16,0,1,0
LGA,195,17,12,0,5,0
DTW,59,17,14,3,0,0
EWR,166,17,3,5,9,0
ATL,20,17,8,9,0,0
IAD,167,17,2,5,10,0
DTW,161,17,4,6,7,0
ATL,162,17,11,6,0,0
DTW,78,17,12,3,2,0
IAH,180,17,3,10,4,0
DCA,94,17,6,6,5,0
ATL,5,17,4,11,2,0
DEN,90,17,6,8,3,0
DFW,246,17,5,12,0,0
JFK,219,17,2,15,0,0
BOS,190,17,9,4,4,0
BOS,157,17,5,1,11,0
ATL,64,17,13,1,3,0
DTW,90,17,4,2,11,0
ORD,129,17,10,2,5,0
IAH,68,17,17,0,0,0
IAH,78,17,0,17,0,0
IAD,67,17,6,6,5,0
DEN,26,17,1,15,1,0
DFW,55,17,7,6,4,0
ATL,90,17,9,1,7,0
IAD,40,17,12,0,5,0
LGA,162,17,9,4,4,0
IAD,32,17,17,0,0,0
LAX,16,17,16,0,1,0
ORD,210,17,14,3,0,0
LGA,188,17,13,3,1,0
LGA,115,17,10,6,1,0
LAS,34,17,5,11,1,0
DFW,22,17,11,3,3,0
EWR,1,17,5,2,10,0
DFW,13,17,11,5,1,0
BOS,41,17,6,6,5,0
BOS,201,17,2,6,9,0
LAX,36,17,8,9,0,0
BOS,90,17,7,3,7,0
LAX,2,17,14,0,3,0
DTW,28,17,5,7,5,0
LGA,268,17,7,0,10,0
IAD,222,17,6,6,5,0
DTW,30,17,9,3,5,0
ORD,302,17,2,1,14,0
DEN,3,17,6,11,0,0
DTW,2,17,17,0,0,0
DFW,226,16,11,5,0,0
DEN,255,16,1,15,0,0
LGA,217,16,10,5,1,0
ORD,218,16,14,1,1,0
DCA,214,16,3,3,10,0
EWR,215,16,10,0,6,0
DEN,202,16,15,0,1,0
DEN,206,16,16,0,0,0
BOS,183,16,4,5,7,0
ORD,203,16,12,2,2,0
DEN,204,16,6,9,1,0
LAX,30,16,10,0,6,0
LGA,136,16,2,6,8,0
ATL,159,16,9,5,2,0
IAD,174,16,5,4,7,0
LGA,181,16,6,1,9,0
ATL,180,16,3,4,9,0
ORD,227,16,7,5,4,0
DFW,138,16,16,0,0,0
DEN,122,16,5,5,6,0
LAX,142,16,13,2,1,0
ORD,133,16,12,3,1,0
ATL,352,16,3,12,1,0
LAS,99,16,16,0,0,0
BOS,132,16,2,4,10,0
ORD,196,16,16,0,0,0
BOS,91,16,3,5,8,0
DCA,101,16,12,3,1,0
SFO,209,16,10,1,5,0
ATL,23,16,14,1,1,0
JFK,63,16,5,11,0,0
ATL,174,16,10,1,5,0
LAS,191,16,6,3,7,0
DCA,203,16,15,1,0,0
ORD,61,16,11,4,1,0
DCA,66,16,3,7,6,0
DEN,63,16,6,10,0,0
EWR,100,16,13,2,1,0
SFO,52,16,7,9,0,0
LAX,141,16,14,2,0,0
SFO,176,16,7,0,9,0
JFK,53,16,1,14,1,0
ATL,41,16,3,9,4,0
DEN,6,16,2,11,3,0
SFO,23,16,1,0,15,0
DEN,121,16,7,9,0,0
LAX,42,16,10,3,3,0
IAD,34,16,8,7,1,0
DEN,365,16,11,5,0,0
ORD,26,16,13,3,0,0
EWR,159,16,4,9,3,0
DFW,1,16,16,0,0,0
SFO,12,16,6,10,0,0
BOS,35,16,4,5,7,0
DEN,2,16,14,1,1,0
DFW,15,16,10,6,0,0
DTW,353,15,0,12,3,0
LGA,358,15,6,3,6,0
EWR,352,15,3,10,2,0
DEN,351,15,9,5,1,0
SFO,308,15,11,1,3,0
DTW,252,15,4,4,7,0
JFK,29,15,7,7,1,0
DFW,235,15,7,7,1,0
ATL,214,15,6,2,7,0
DCA,190,15,9,3,3,0
BOS,209,15,8,6,1,0
ORD,198,15,13,2,0,0
DFW,205,15,8,2,5,0
EWR,3,15,2,2,11,0
LAS,189,15,15,0,0,0
DEN,160,15,8,6,1,0
JFK,101,15,3,5,7,0
DCA,180,15,3,6,6,0
ATL,166,15,10,3,2,0
ATL,161,15,6,2,7,0
SFO,355,15,1,13,1,0
LAX,160,15,10,5,0,0
ATL,251,15,5,5,5,0
BOS,79,15,5,1,9,0
DFW,29,15,12,0,3,0
IAD,156,15,5,3,7,0
LAS,42,15,9,5,1,0
DEN,228,15,5,8,2,0
DEN,156,15,8,7,0,0
DTW,41,15,6,7,2,0
BOS,119,15,9,3,3,0
JFK,94,15,3,11,1,0
ATL,202,15,8,6,1,0
LAS,3,15,6,6,3,0
IAD,365,15,14,1,0,0
IAH,46,15,0,15,0,0
LAX,260,15,10,3,2,0
EWR,85,15,14,0,1,0
BOS,60,15,1,14,0,0
DEN,65,15,9,6,0,0
IAD,56,15,8,3,4,0
LAS,36,15,6,7,2,0
ORD,57,15,10,1,4,0
BOS,188,15,13,2,0,0
LAX,22,15,12,0,3,0
LAX,257,15,0,14,1,0
ATL,68,15,10,2,3,0
DFW,5,15,4,10,1,0
DFW,31,15,8,4,3,0
IAD,158,15,6,5,4,0
LGA,53,15,0,15,0,0
LGA,45,15,10,0,5,0
IAH,67,15,4,9,2,0
DCA,35,15,6,6,3,0
ATL,57,15,14,0,1,0
ATL,43,15,4,6,5,0
ORD,50,15,15,0,0,0
EWR,49,15,4,0,11,0
DEN,29,15,4,11,0,0
SFO,38,15,6,4,5,0
DFW,222,15,7,3,5,0
IAH,100,15,10,5,0,0
EWR,99,15,13,1,1,0
LGA,201,15,2,2,11,0
ORD,197,15,10,4,1,0
LAS,77,15,6,9,0,0
LAX,9,15,12,0,3,0
ORD,87,15,13,0,2,0
LGA,164,15,8,5,2,0
ATL,347,14,12,0,2,0
LGA,361,14,4,10,0,0
DFW,357,14,10,4,0,0
BOS,352,14,5,3,6,0
DEN,354,14,4,9,1,0
ORD,301,14,8,0,6,0
ATL,252,14,2,2,10,0
LAX,65,14,4,10,0,0
LAS,255,14,3,11,0,0
ATL,227,14,9,3,2,0
ORD,224,14,11,2,1,0
DCA,219,14,8,2,4,0
DEN,218,14,4,3,7,0
DTW,216,14,7,4,3,0
DFW,140,14,13,0,1,0
BOS,257,14,2,6,6,0
DTW,257,14,3,7,4,0
DFW,335,14,14,0,0,0
LGA,184,14,12,1,1,0
JFK,188,14,7,6,1,0
DEN,211,14,14,0,0,0
IAD,41,14,13,0,1,0
SFO,196,14,10,0,4,0
EWR,168,14,1,2,11,0
DCA,174,14,7,4,3,0
ATL,156,14,12,0,2,0
ORD,175,14,14,0,0,0
ORD,162,14,6,3,5,0
IAD,173,14,2,5,7,0
LAX,174,14,9,1,4,0
ORD,231,14,6,8,0,0
JFK,151,14,0,6,8,0
JFK,129,14,1,13,0,0
ORD,139,14,14,0,0,0
BOS,36,14,1,11,2,0
SFO,100,14,13,1,0,0
IAH,51,14,1,13,0,0
DEN,69,14,11,3,0,0
IAD,100,14,12,1,1,0
LGA,216,14,5,8,1,0
IAD,178,14,3,3,8,0
LGA,102,14,11,3,0,0
LGA,62,14,10,3,1,0
SFO,197,14,10,0,4,0
ORD,108,14,13,1,0,0
ORD,79,14,8,1,5,0
LAS,237,14,5,7,2,0
LAX,255,14,2,12,0,0
DEN,195,14,12,2,0,0
DFW,67,14,1,10,3,0
ATL,62,14,9,3,2,0
IAH,178,14,6,7,1,0
DEN,47,14,5,6,3,0
LAX,63,14,10,4,0,0
ATL,157,14,8,1,5,0
LAX,127,14,14,0,0,0
ORD,117,14,14,0,0,0
ATL,91,14,6,1,7,0
BOS,51,14,5,9,0,0
LAX,353,14,5,8,1,0
DTW,86,14,13,0,1,0
DCA,34,14,6,4,4,0
ATL,230,14,10,4,0,0
DTW,208,14,2,4,8,0
ATL,40,14,8,5,1,0
DEN,28,14,6,3,5,0
LAX,62,14,8,4,2,0
LAX,78,14,10,3,1,0
ORD,53,14,11,3,0,0
DEN,42,14,8,5,1,0
IAD,36,14,4,7,3,0
DCA,64,14,7,4,3,0
LAX,5,14,12,2,0,0
ATL,205,14,11,1,2,0
LAX,357,14,7,7,0,0
IAD,4,14,14,0,0,0
LAS,4,14,8,5,1,0
LGA,18,14,3,11,0,0
ORD,14,14,13,1,0,0
DFW,43,14,6,3,5,0
SFO,87,14,10,0,4,0
LGA,28,14,4,2,8,0
EWR,255,14,0,9,5,0
ORD,363,13,10,1,2,0
IAD,356,13,0,12,1,0
LAX,355,13,3,10,0,0
DFW,356,13,3,8,2,0
LAS,357,13,4,8,1,0
LAS,351,13,11,2,0,0
SFO,349,13,5,1,7,0
LAX,345,13,12,1,0,0
ORD,323,13,13,0,0,0
LAX,324,13,9,3,1,0
DFW,302,13,2,0,11,0
DFW,231,13,3,10,0,0
DFW,230,13,12,1,0,0
IAD,214,13,5,5,3,0
ATL,216,13,7,3,3,0
DFW,203,13,8,3,2,0
ORD,239,13,11,2,0,0
ORD,219,13,13,0,0,0
ORD,226,13,9,4,0,0
DFW,194,13,6,2,5,0
BOS,206,13,6,5,2,0
LGA,209,13,5,3,5,0
DCA,206,13,11,1,1,0
DTW,222,13,2,2,9,0
LGA,213,13,12,0,1,0
DCA,220,13,3,1,9,0
DFW,192,13,12,1,0,0
DCA,164,13,6,1,6,0
LGA,168,13,2,4,7,0
ATL,155,13,8,1,4,0
ATL,173,13,3,2,8,0
IAD,180,13,7,1,5,0
DCA,48,13,7,3,3,0
EWR,175,13,0,3,10,0
LGA,156,13,6,0,7,0
DFW,128,13,12,1,0,0
LAX,154,13,6,3,4,0
DFW,27,13,9,1,3,0
EWR,203,13,6,0,7,0
LGA,151,13,1,6,6,0
LAX,126,13,11,1,1,0
LAS,84,13,11,0,2,0
DFW,166,13,9,3,1,0
BOS,102,13,10,1,2,0
DEN,335,13,2,9,2,0
BOS,77,13,5,7,1,0
IAD,118,13,9,1,3,0
BOS,66,13,6,3,4,0
DFW,2,13,12,1,0,0
DTW,16,13,5,3,5,0
LAX,50,13,10,1,2,0
ATL,215,13,11,2,0,0
LAX,66,13,7,5,1,0
LAS,44,13,11,2,0,0
ATL,89,13,12,0,1,0
ORD,114,13,5,5,3,0
IAH,47,13,3,8,2,0
LAX,256,13,1,12,0,0
IAH,36,13,0,12,1,0
DEN,67,13,7,6,0,0
SFO,84,13,9,1,3,0
LAX,12,13,6,7,0,0
DCA,77,13,4,8,1,0
ORD,54,13,11,1,1,0
LAX,197,13,12,1,0,0
DEN,54,13,7,6,0,0
JFK,231,13,2,10,1,0
DTW,6,13,2,10,1,0
ORD,305,13,12,1,0,0
DCA,41,13,4,6,3,0
BOS,34,13,4,5,4,0
DEN,8,13,2,9,2,0
SFO,33,13,6,3,4,0
LAX,27,13,8,3,2,0
ATL,12,13,2,11,0,0
DFW,95,13,10,2,1,0
DEN,215,13,12,1,0,0
DCA,366,13,4,8,1,0
ORD,104,13,12,0,1,0
DCA,85,13,11,0,2,0
LGA,350,13,3,2,8,0
DEN,216,13,7,5,1,0
DEN,10,13,7,5,1,0
ATL,236,13,11,0,2,0
BOS,319,13,2,2,9,0
ORD,315,13,10,3,0,0
LAS,35,13,10,3,0,0
LGA,255,13,5,8,0,0
LAX,225,13,13,0,0,0
LGA,211,13,8,3,2,0
ORD,18,13,7,4,2,0
DCA,91,13,4,3,6,0
IAD,25,13,12,1,0,0
DFW,129,13,10,0,3,0
IAD,33,13,12,1,0,0
IAD,18,13,6,6,1,0
ORD,149,13,13,0,0,0
BOS,2,13,12,0,1,0
ATL,3,13,11,1,1,0
LGA,366,12,2,10,0,0
JFK,362,12,2,8,2,0
DCA,351,12,4,6,2,0
IAH,354,12,2,10,0,0
ATL,334,12,10,1,1,0
EWR,320,12,3,1,8,0
LAX,329,12,12,0,0,0
BOS,299,12,4,3,5,0
LAX,305,12,6,0,6,0
JFK,346,12,1,8,3,0
LAX,301,12,5,6,1,0
SFO,13,12,10,2,0,0
IAD,48,12,10,1,1,0
SFO,85,12,12,0,0,0
DFW,237,12,10,0,2,0
ATL,229,12,12,0,0,0
BOS,195,12,11,0,1,0
DCA,213,12,12,0,0,0
LGA,58,12,9,3,0,0
DEN,229,12,11,1,0,0
LAX,354,12,3,8,1,0
DCA,157,12,2,1,9,0
LAX,307,12,8,0,4,0
BOS,162,12,9,2,1,0
DTW,194,12,5,1,6,0
DFW,190,12,11,0,1,0
DFW,209,12,12,0,0,0
IAD,181,12,8,0,4,0
ORD,190,12,10,0,2,0
JFK,206,12,6,6,0,0
LGA,212,12,7,0,5,0
LGA,183,12,3,6,3,0
LAX,217,12,9,3,0,0
LAX,212,12,12,0,0,0
SFO,179,12,8,2,2,0
IAD,226,12,7,2,3,0
DCA,79,12,2,4,6,0
DCA,166,12,7,3,2,0
ORD,181,12,11,1,0,0
DCA,62,12,7,5,0,0
LGA,202,12,7,1,4,0
DFW,248,12,5,5,2,0
IAH,161,12,1,9,2,0
LAS,30,12,5,3,4,0
DEN,62,12,11,1,0,0
LGA,15,12,6,6,0,0
DFW,135,12,2,10,0,0
LGA,187,12,2,6,4,0
LAS,100,12,12,0,0,0
DFW,123,12,8,1,3,0
LAS,335,12,1,11,0,0
ORD,147,12,4,7,1,0
LGA,128,12,6,0,6,0
ORD,134,12,12,0,0,0
IAH,125,12,1,11,0,0
LAX,202,12,8,0,4,0
DTW,118,12,3,1,8,0
DCA,80,12,2,7,3,0
ORD,123,12,7,2,3,0
IAD,99,12,10,2,0,0
DFW,365,12,11,0,1,0
ORD,97,12,9,1,2,0
ORD,132,12,2,0,10,0
BOS,62,12,9,2,1,0
ORD,112,12,9,2,1,0
DCA,90,12,4,4,4,0
JFK,147,12,1,6,5,0
SFO,34,12,7,3,2,0
LGA,69,12,10,2,0,0
DFW,79,12,10,1,1,0
ATL,61,12,12,0,0,0
IAD,227,12,5,5,2,0
IAH,80,12,0,11,1,0
LAS,71,12,12,0,0,0
LAX,68,12,5,3,4,0
DFW,83,12,12,0,0,0
DCA,65,12,6,6,0,0
LAS,256,12,0,12,0,0
DEN,101,12,10,2,0,0
ATL,217,12,4,8,0,0
DFW,58,12,10,0,2,0
ATL,13,12,0,12,0,0
DFW,133,12,10,0,2,0
LGA,352,12,8,1,3,0
ORD,274,12,12,0,0,0
LGA,6,12,11,1,0,0
LGA,5,12,5,2,5,0
LGA,170,12,9,1,2,0
SFO,56,12,11,0,1,0
SFO,346,12,4,6,2,0
DFW,358,12,2,5,5,0
DCA,269,12,3,2,7,0
BOS,159,12,3,5,4,0
LGA,119,12,5,1,6,0
IAD,116,12,6,0,6,0
EWR,347,12,1,2,9,0
DFW,196,12,12,0,0,0
DFW,18,12,5,7,0,0
IAH,22,12,0,12,0,0
LGA,59,12,11,1,0,0
LAS,365,12,3,9,0,0
IAD,39,12,12,0,0,0
LGA,51,12,6,6,0,0
DEN,157,12,7,3,2,0
IAD,23,12,10,2,0,0
DFW,108,12,8,2,2,0
LAX,208,12,7,4,1,0
DTW,157,12,8,3,1,0
DEN,98,12,11,1,0,0
DCA,1,12,11,1,0,0
IAD,47,12,11,0,1,0
ATL,339,12,10,1,1,0
LGA,114,12,11,0,1,0
LGA,218,12,5,0,7,0
BOS,351,11,4,3,4,0
SFO,357,11,4,7,0,0
DTW,363,11,8,3,0,0
ATL,355,11,5,6,0,0
DCA,352,11,9,2,0,0
ORD,364,11,11,0,0,0
EWR,361,11,0,11,0,0
LAS,345,11,10,1,0,0
DFW,325,11,10,1,0,0
ORD,319,11,1,3,7,0
BOS,330,11,4,2,5,0
DEN,310,11,3,8,0,0
LAX,308,11,7,0,4,0
DCA,302,11,2,2,7,0
LGA,303,11,6,1,4,0
SFO,302,11,3,6,2,0
EWR,256,11,0,11,0,0
DCA,257,11,2,9,0,0
BOS,181,11,5,2,4,0
LGA,248,11,3,6,2,0
DEN,212,11,10,0,1,0
ATL,225,11,11,0,0,0
ATL,233,11,3,8,0,0
SFO,227,11,6,4,1,0
JFK,215,11,10,0,1,0
BOS,213,11,11,0,0,0
IAD,216,11,7,1,3,0
IAD,223,11,5,2,4,0
IAD,57,11,11,0,0,0
SFO,180,11,7,4,0,0
SFO,352,11,2,9,0,0
DCA,335,11,3,1,7,0
ATL,199,11,11,0,0,0
SFO,208,11,6,5,0,0
LAS,355,11,3,8,0,0
LGA,199,11,10,0,1,0
BOS,212,11,7,2,2,0
IAH,215,11,5,4,2,0
IAD,202,11,10,1,0,0
LGA,198,11,5,0,6,0
SFO,210,11,10,0,1,0
LAX,189,11,11,0,0,0
ORD,153,11,9,0,2,0
DCA,346,11,4,3,4,0
ORD,232,11,11,0,0,0
JFK,179,11,1,9,1,0
IAD,37,11,10,1,0,0
DFW,167,11,2,4,5,0
BOS,170,11,8,2,1,0
DEN,360,11,0,11,0,0
BOS,166,11,5,3,3,0
DFW,125,11,11,0,0,0
IAD,165,11,3,2,6,0
BOS,165,11,3,8,0,0
IAH,259,11,1,7,3,0
LGA,47,11,1,3,7,0
JFK,257,11,1,8,2,0
LGA,93,11,9,2,0,0
SFO,217,11,6,5,0,0
LAX,121,11,11,0,0,0
ATL,365,11,5,5,1,0
DCA,159,11,4,4,3,0
LAX,8,11,8,1,2,0
SFO,50,11,9,1,1,0
DFW,20,11,6,5,0,0
LGA,112,11,5,3,3,0
LAX,113,11,11,0,0,0
SFO,354,11,5,6,0,0
DFW,17,11,10,1,0,0
LGA,232,11,10,1,0,0
SFO,98,11,11,0,0,0
DEN,1,11,11,0,0,0
LAS,63,11,7,4,0,0
LAX,71,11,11,0,0,0
ORD,81,11,7,4,0,0
EWR,41,11,7,3,1,0
BOS,64,11,1,7,3,0
SFO,36,11,2,8,1,0
DFW,12,11,5,6,0,0
SFO,32,11,3,1,7,0
DTW,99,11,11,0,0,0
IAD,362,11,4,5,2,0
DCA,195,11,5,2,4,0
DFW,32,11,9,2,0,0
DEN,207,11,9,2,0,0
DEN,167,11,7,4,0,0
IAH,261,11,1,6,4,0
ORD,111,11,10,1,0,0
LGA,27,11,4,0,7,0
DEN,97,11,5,6,0,0
LGA,57,11,8,0,3,0
ATL,59,11,8,2,1,0
BOS,48,11,5,3,3,0
SFO,27,11,8,3,0,0
JFK,34,11,5,3,3,0
DCA,40,11,4,3,4,0
EWR,51,11,2,9,0,0
BOS,56,11,4,3,4,0
DTW,170,11,11,0,0,0
BOS,3,11,8,3,0,0
DEN,12,11,6,5,0,0
ORD,11,11,10,1,0,0
LGA,256,11,2,9,0,0
DFW,59,11,11,0,0,0
DFW,16,11,5,4,2,0
DEN,127,11,4,7,0,0
ORD,121,11,11,0,0,0
LGA,60,11,7,4,0,0
LAX,161,11,9,1,1,0
ATL,193,11,4,6,1,0
IAH,246,11,0,11,0,0
DEN,41,11,5,5,1,0
BOS,30,11,4,3,4,0
IAH,50,11,1,10,0,0
IAH,170,11,2,8,1,0
DEN,37,11,2,8,1,0
LGA,44,11,6,3,2,0
IAD,319,11,2,4,5,0
LAX,55,11,5,5,1,0
IAD,151,11,6,0,5,0
LGA,87,11,5,1,5,0
BOS,4,11,10,1,0,0
DCA,21,11,6,3,2,0
DTW,3,11,10,1,0,0
IAD,117,11,9,1,1,0
LGA,7,11,7,0,4,0
SFO,1,11,10,1,0,0
LAX,56,11,9,1,1,0
DTW,22,11,7,1,3,0
SFO,339,10,2,8,0,0
JFK,345,10,0,9,1,0
DCA,355,10,1,5,4,0
IAD,355,10,3,6,1,0
LAX,338,10,10,0,0,0
DCA,345,10,3,1,6,0
JFK,318,10,1,9,0,0
IAD,335,10,3,4,3,0
LAS,329,10,10,0,0,0
LAX,327,10,0,8,2,0
LAX,317,10,8,2,0,0
LAX,309,10,10,0,0,0
LGA,281,10,8,1,1,0
ORD,304,10,10,0,0,0
DTW,256,10,0,8,2,0
SFO,258,10,4,3,3,0
SFO,257,10,0,9,1,0
LAX,245,10,9,1,0,0
ATL,258,10,2,8,0,0
BOS,37,10,1,9,0,0
LAS,361,10,3,7,0,0
LAS,252,10,5,2,3,0
BOS,361,10,6,4,0,0
DFW,69,10,9,1,0,0
DFW,218,10,9,0,1,0
LAS,66,10,6,4,0,0
DFW,240,10,10,0,0,0
DCA,231,10,2,8,0,0
DFW,258,10,4,6,0,0
ATL,232,10,3,7,0,0
DTW,33,10,6,2,2,0
IAD,215,10,8,1,1,0
IAD,159,10,4,2,4,0
DTW,44,10,6,4,0,0
DTW,94,10,5,1,4,0
SFO,337,10,3,5,2,0
LGA,206,10,8,2,0,0
ORD,75,10,8,0,2,0
ORD,184,10,7,1,2,0
IAD,190,10,4,3,3,0
LAX,210,10,10,0,0,0
LAX,192,10,10,0,0,0
DEN,189,10,6,2,2,0
DTW,26,10,9,1,0,0
DFW,213,10,10,0,0,0
DFW,177,10,6,2,2,0
DCA,175,10,5,3,2,0
DFW,164,10,3,4,3,0
BOS,168,10,4,1,5,0
ORD,211,10,8,2,0,0
DCA,216,10,3,6,1,0
JFK,178,10,0,9,1,0
IAD,160,10,7,3,0,0
BOS,164,10,6,0,4,0
ATL,177,10,3,0,7,0
LAX,168,10,8,2,0,0
LAS,161,10,10,0,0,0
DCA,56,10,2,4,4,0
DFW,124,10,9,0,1,0
ORD,148,10,8,2,0,0
SFO,123,10,8,2,0,0
ATL,122,10,3,1,6,0
ORD,241,10,9,1,0,0
LGA,148,10,5,1,4,0
ORD,182,10,10,0,0,0
DCA,252,10,3,2,5,0
IAD,192,10,10,0,0,0
DFW,109,10,10,0,0,0
DTW,319,10,6,2,2,0
ORD,174,10,7,2,1,0
ATL,363,10,6,4,0,0
BOS,115,10,8,2,0,0
ATL,92,10,9,0,1,0
ORD,105,10,7,2,1,0
JFK,255,10,1,8,1,0
LAS,214,10,8,2,0,0
LGA,110,10,3,5,2,0
LAX,107,10,8,2,0,0
LAX,361,10,5,5,0,0
EWR,201,10,3,0,7,0
LGA,249,10,2,8,0,0
DCA,209,10,4,0,6,0
ATL,127,10,8,2,0,0
ATL,96,10,8,2,0,0
ATL,19,10,6,3,1,0
IAD,78,10,3,2,5,0
DEN,53,10,6,4,0,0
DTW,102,10,10,0,0,0
SFO,19,10,9,0,1,0
DEN,18,10,5,4,1,0
DFW,19,10,9,1,0,0
ATL,75,10,8,1,1,0
BOS,85,10,10,0,0,0
BOS,68,10,4,3,3,0
ATL,302,10,2,2,6,0
IAD,12,10,7,3,0,0
DEN,164,10,6,3,1,0
ATL,8,10,2,4,4,0
SFO,78,10,6,1,3,0
LAX,64,10,7,1,2,0
DEN,143,10,5,5,0,0
BOS,38,10,3,1,6,0
DFW,38,10,10,0,0,0
DTW,115,10,7,2,1,0
DFW,50,10,7,3,0,0
DFW,48,10,6,1,3,0
LAX,70,10,9,1,0,0
LGA,38,10,6,0,4,0
BOS,59,10,10,0,0,0
SFO,43,10,7,2,1,0
DEN,199,10,9,1,0,0
EWR,2,10,10,0,0,0
LAX,346,10,6,4,0,0
JFK,48,10,0,4,6,0
DEN,32,10,1,9,0,0
LGA,55,10,3,1,6,0
EWR,47,10,4,2,4,0
DEN,338,10,5,5,0,0
ATL,37,10,4,3,3,0
LAX,41,10,7,3,0,0
DEN,35,10,5,5,0,0
LGA,96,10,10,0,0,0
IAD,353,10,2,8,0,0
LAX,91,10,10,0,0,0
SFO,212,10,10,0,0,0
BOS,22,10,8,1,1,0
IAD,21,10,6,1,3,0
IAD,3,10,9,1,0,0
BOS,16,10,6,2,2,0
IAD,10,10,7,2,1,0
IAD,68,10,7,1,2,0
IAD,49,10,9,0,1,0
ATL,98,10,10,0,0,0
LGA,342,10,9,1,0,0
LAX,31,10,9,0,1,0
IAD,44,10,10,0,0,0
EWR,77,10,6,4,0,0
JFK,12,10,5,5,0,0
DFW,6,10,4,5,1,0
ORD,70,10,9,1,0,0
SFO,83,10,8,1,1,0
DCA,30,10,5,2,3,0
EWR,62,10,3,5,2,0
IAH,351,10,0,9,1,0
ATL,115,10,6,3,1,0
EWR,218,10,7,2,1,0
LAS,53,10,8,1,1,0
DTW,13,10,2,8,0,0
DCA,98,10,8,1,1,0
LAX,11,10,3,7,0,0
LAX,7,10,6,1,3,0
DTW,343,9,4,3,2,0
LGA,343,9,4,4,1,0
DCA,358,9,3,1,5,0
DEN,366,9,2,7,0,0
DTW,366,9,1,7,1,0
LGA,309,9,8,0,1,0
ORD,316,9,8,1,0,0
SFO,324,9,4,3,2,0
LAX,318,9,8,1,0,0
IAD,304,9,9,0,0,0
DEN,285,9,1,8,0,0
DEN,284,9,3,6,0,0
BOS,249,9,1,6,2,0
DFW,252,9,7,0,2,0
ATL,343,9,6,3,0,0
SFO,255,9,2,7,0,0
ORD,244,9,2,7,0,0
IAD,179,9,7,0,2,0
LGA,22,9,6,1,2,0
DEN,174,9,8,1,0,0
DTW,12,9,0,9,0,0
DFW,224,9,9,0,0,0
DCA,217,9,4,4,1,0
DTW,167,9,0,1,8,0
DCA,218,9,4,3,2,0
DTW,214,9,2,3,4,0
DFW,132,9,6,0,3,0
IAD,209,9,5,4,0,0
LAX,295,9,3,6,0,0
LAX,233,9,9,0,0,0
IAD,157,9,6,3,0,0
IAH,260,9,0,8,1,0
DCA,189,9,8,0,1,0
ATL,201,9,8,0,1,0
SFO,211,9,9,0,0,0
BOS,189,9,5,3,1,0
ATL,206,9,9,0,0,0
ORD,195,9,8,1,0,0
DEN,188,9,9,0,0,0
DEN,182,9,9,0,0,0
BOS,311,9,5,1,3,0
EWR,182,9,1,0,8,0
LAS,204,9,6,3,0,0
SFO,238,9,9,0,0,0
DEN,197,9,9,0,0,0
SFO,189,9,6,1,2,0
DCA,12,9,2,7,0,0
ATL,190,9,7,2,0,0
LGA,196,9,8,0,1,0
DFW,155,9,5,2,2,0
DTW,166,9,7,1,1,0
DFW,165,9,7,2,0,0
ATL,178,9,4,4,1,0
JFK,36,9,0,9,0,0
DFW,159,9,4,4,1,0
LGA,191,9,6,2,1,0
ATL,165,9,2,3,4,0
DEN,158,9,3,5,1,0
DCA,165,9,3,3,3,0
DCA,181,9,5,1,3,0
IAD,162,9,5,4,0,0
ORD,349,9,3,4,2,0
LAX,175,9,9,0,0,0
LAS,98,9,9,0,0,0
DCA,58,9,7,1,1,0
DTW,335,9,3,4,2,0
DFW,247,9,6,3,0,0
LGA,127,9,6,2,1,0
DCA,131,9,6,1,2,0
DCA,148,9,2,3,4,0
BOS,140,9,5,0,4,0
ORD,126,9,5,4,0,0
ORD,151,9,5,2,2,0
DFW,229,9,8,1,0,0
IAD,129,9,5,0,4,0
DCA,132,9,2,1,6,0
LAX,147,9,7,2,0,0
LAX,140,9,9,0,0,0
JFK,80,9,3,6,0,0
DEN,208,9,6,2,1,0
DFW,110,9,9,0,0,0
BOS,179,9,5,1,3,0
DCA,162,9,4,3,2,0
LAX,101,9,9,0,0,0
DTW,346,9,2,3,4,0
DEN,31,9,0,8,1,0
ORD,82,9,6,1,2,0
BOS,26,9,4,5,0,0
LAX,94,9,5,4,0,0
BOS,80,9,6,3,0,0
LAX,122,9,7,1,1,0
LAX,120,9,9,0,0,0
SFO,8,9,3,0,6,0
ORD,92,9,8,1,0,0
JFK,91,9,3,5,1,0
SFO,120,9,9,0,0,0
LAX,119,9,9,0,0,0
LAS,14,9,4,3,2,0
IAD,24,9,9,0,0,0
DEN,51,9,3,6,0,0
LGA,171,9,9,0,0,0
SFO,188,9,8,0,1,0
BOS,97,9,7,0,2,0
DEN,119,9,8,1,0,0
LGA,139,9,5,0,4,0
ORD,128,9,8,0,1,0
BOS,69,9,9,0,0,0
SFO,90,9,7,2,0,0
DEN,132,9,4,5,0,0
ATL,84,9,8,1,0,0
DEN,200,9,9,0,0,0
LAS,27,9,6,1,2,0
LAS,52,9,6,2,1,0
ORD,93,9,8,0,1,0
SFO,66,9,5,4,0,0
SFO,61,9,9,0,0,0
DEN,75,9,1,8,0,0
DEN,73,9,1,8,0,0
ATL,70,9,8,1,0,0
DEN,15,9,5,3,1,0
LAX,279,9,9,0,0,0
SFO,194,9,8,1,0,0
SFO,254,9,7,1,1,0
LAX,69,9,8,1,0,0
LGA,70,9,8,0,1,0
BOS,255,9,5,4,0,0
DFW,9,9,7,1,1,0
ATL,10,9,2,4,3,0
ORD,172,9,9,0,0,0
SFO,95,9,8,0,1,0
DTW,81,9,1,7,1,0
SFO,205,9,5,3,1,0
DFW,366,9,4,5,0,0
LAX,54,9,8,0,1,0
JFK,41,9,7,2,0,0
ATL,53,9,8,0,1,0
ORD,246,9,6,3,0,0
DEN,46,9,5,4,0,0
SFO,203,9,7,0,2,0
SFO,29,9,9,0,0,0
LAX,21,9,8,1,0,0
DTW,19,9,6,3,0,0
LAS,303,9,6,3,0,0
ORD,245,9,4,5,0,0
ATL,54,9,8,1,0,0
DCA,51,9,4,5,0,0
SFO,160,9,8,1,0,0
LAX,1,9,9,0,0,0
JFK,99,9,7,2,0,0
DEN,223,9,7,2,0,0
LGA,50,9,7,2,0,0
IAD,1,9,7,1,1,0
SFO,317,9,3,3,3,0
EWR,18,9,2,6,1,0
DTW,352,9,6,3,0,0
DFW,193,9,9,0,0,0
LAX,97,9,9,0,0,0
BOS,58,9,7,2,0,0
DEN,80,9,1,7,1,0
DCA,20,9,8,1,0,0
SFO,206,9,9,0,0,0
IAD,269,9,5,1,3,0
SFO,72,9,1,0,8,0
LAX,93,9,9,0,0,0
DCA,110,9,5,3,1,0
LGA,311,9,3,0,6,0
DCA,115,9,7,2,0,0
BOS,5,9,6,1,2,0
LGA,231,9,4,5,0,0
DEN,9,9,5,2,2,0
EWR,12,9,2,7,0,0
IAD,22,9,5,3,1,0
DEN,227,9,5,4,0,0
DEN,84,9,7,2,0,0
IAD,55,9,9,0,0,0
IAD,51,9,6,3,0,0
DEN,70,9,9,0,0,0
DFW,214,9,9,0,0,0
LAX,86,9,9,0,0,0
LGA,3,9,9,0,0,0
SFO,175,9,7,0,2,0
LAS,251,9,8,1,0,0
IAD,13,9,6,3,0,0
DEN,362,8,4,3,1,0
LGA,362,8,3,5,0,0
LGA,353,8,3,5,0,0
LGA,341,8,1,2,5,0
ORD,336,8,5,1,2,0
ORD,347,8,6,0,2,0
DEN,347,8,4,4,0,0
IAD,361,8,2,4,2,0
SFO,351,8,7,1,0,0
DFW,310,8,1,0,7,0
BOS,308,8,8,0,0,0
DCA,310,8,2,2,4,0
LAX,316,8,8,0,0,0
DFW,288,8,8,0,0,0
LAS,313,8,2,0,6,0
LGA,296,8,4,0,4,0
LGA,290,8,0,2,6,0
LGA,287,8,8,0,0,0
LGA,295,8,6,0,2,0
LGA,276,8,3,1,4,0
LGA,298,8,7,0,1,0
SFO,303,8,1,5,2,0
LAX,296,8,5,2,1,0
LAS,295,8,6,2,0,0
LAS,280,8,7,0,1,0
DTW,350,8,3,1,4,0
DCA,256,8,0,8,0,0
LAS,258,8,2,6,0,0
LAS,366,8,2,6,0,0
ORD,240,8,8,0,0,0
DFW,239,8,7,0,1,0
ATL,235,8,0,8,0,0
LAX,227,8,7,1,0,0
SFO,42,8,3,5,0,0
LAX,215,8,8,0,0,0
SFO,222,8,5,1,2,0
BOS,224,8,4,2,2,0
BOS,215,8,5,1,2,0
LAS,67,8,1,7,0,0
IAH,243,8,2,6,0,0
DCA,151,8,4,1,3,0
DTW,223,8,1,2,5,0
LGA,76,8,6,1,1,0
IAH,66,8,0,8,0,0
DCA,212,8,4,4,0,0
JFK,211,8,8,0,0,0
SFO,6,8,3,2,3,0
DCA,201,8,1,2,5,0
DTW,173,8,2,0,6,0
DCA,191,8,7,1,0,0
EWR,216,8,5,2,1,0
DCA,129,8,1,4,3,0
LAX,44,8,6,0,2,0
LAX,211,8,8,0,0,0
LAS,195,8,8,0,0,0
LAS,190,8,6,1,1,0
ATL,97,8,6,0,2,0
LGA,163,8,8,0,0,0
DFW,56,8,4,2,2,0
ORD,272,8,3,0,5,0
LGA,65,8,1,6,1,0
DFW,174,8,7,0,1,0
DCA,177,8,5,2,1,0
DEN,166,8,6,1,1,0
ORD,259,8,5,2,1,0
BOS,87,8,5,1,2,0
DEN,173,8,6,2,0,0
LAS,28,8,4,3,1,0
DFW,173,8,4,1,3,0
DEN,175,8,7,1,0,0
LAX,216,8,4,3,1,0
LAS,167,8,6,2,0,0
LAX,162,8,8,0,0,0
BOS,196,8,7,1,0,0
JFK,100,8,5,3,0,0
SFO,256,8,1,6,1,0
DTW,79,8,4,2,2,0
ATL,132,8,1,0,7,0
LAX,167,8,6,1,1,0
BOS,148,8,7,0,1,0
SFO,15,8,8,0,0,0
DCA,122,8,2,3,3,0
DFW,130,8,8,0,0,0
SFO,127,8,8,0,0,0
ORD,130,8,8,0,0,0
ORD,141,8,8,0,0,0
SFO,121,8,7,1,0,0
BOS,122,8,4,2,2,0
LAX,343,8,7,0,1,0
EWR,231,8,2,6,0,0
DEN,180,8,7,1,0,0
ATL,141,8,8,0,0,0
ATL,140,8,5,0,3,0
DFW,11,8,8,0,0,0
LAX,19,8,7,0,1,0
ATL,247,8,4,2,2,0
DFW,121,8,2,0,6,0
DEN,118,8,8,0,0,0
SFO,252,8,1,3,4,0
SFO,59,8,4,2,2,0
DFW,342,8,8,0,0,0
DFW,105,8,6,1,1,0
SFO,16,8,8,0,0,0
BOS,96,8,6,2,0,0
DCA,45,8,4,1,3,0
DEN,113,8,6,2,0,0
DTW,62,8,7,0,1,0
DCA,192,8,5,2,1,0
DTW,98,8,7,0,1,0
IAD,110,8,4,0,4,0
ATL,211,8,7,1,0,0
DTW,156,8,4,2,2,0
SFO,113,8,8,0,0,0
BOS,169,8,4,1,3,0
LAS,105,8,8,0,0,0
IAD,232,8,8,0,0,0
LAS,97,8,8,0,0,0
LAS,168,8,6,2,0,0
LGA,11,8,6,0,2,0
SFO,230,8,5,0,3,0
DTW,10,8,3,5,0,0
EWR,92,8,7,0,1,0
LAX,23,8,3,2,3,0
DCA,8,8,6,2,0,0
LGA,84,8,3,0,5,0
LAS,29,8,5,3,0,0
ORD,307,8,6,1,1,0
ORD,72,8,8,0,0,0
EWR,65,8,4,3,1,0
IAD,29,8,4,0,4,0
JFK,66,8,1,7,0,0
IAD,63,8,5,3,0,0
IAD,62,8,7,1,0,0
ORD,169,8,3,3,2,0
DCA,68,8,2,5,1,0
SFO,106,8,8,0,0,0
LAX,25,8,4,3,1,0
DTW,69,8,8,0,0,0
DEN,133,8,3,5,0,0
LAX,90,8,3,3,2,0
LAS,83,8,6,2,0,0
IAD,66,8,2,4,2,0
SFO,69,8,8,0,0,0
LAS,69,8,8,0,0,0
LAS,65,8,2,6,0,0
IAD,53,8,4,4,0,0
ATL,1,8,8,0,0,0
DCA,308,8,7,1,0,0
DFW,87,8,5,2,1,0
LAX,95,8,6,2,0,0
BOS,21,8,3,3,2,0
ORD,136,8,5,0,3,0
LGA,32,8,4,1,3,0
LGA,176,8,8,0,0,0
SFO,65,8,4,4,0,0
DEN,13,8,8,0,0,0
IAD,252,8,1,4,3,0
DEN,16,8,5,3,0,0
DEN,55,8,6,1,1,0
ATL,55,8,5,1,2,0
BOS,258,8,6,1,1,0
DCA,9,8,8,0,0,0
ATL,305,8,8,0,0,0
IAD,46,8,8,0,0,0
LGA,113,8,8,0,0,0
LGA,258,8,6,2,0,0
SFO,55,8,5,2,1,0
IAD,2,8,7,1,0,0
ATL,50,8,8,0,0,0
DFW,153,8,7,1,0,0
LAS,192,8,8,0,0,0
DEN,66,8,4,2,2,0
LAX,29,8,8,0,0,0
IAD,90,8,4,2,2,0
ORD,238,8,4,0,4,0
DTW,20,8,5,2,1,0
LAX,304,8,2,4,2,0
DTW,169,8,4,1,3,0
BOS,358,8,5,0,3,0
JFK,16,8,3,3,2,0
DFW,249,8,7,1,0,0
BOS,210,8,8,0,0,0
EWR,357,8,4,3,1,0
LAX,130,8,8,0,0,0
DFW,37,8,7,0,1,0
DCA,69,8,8,0,0,0
LAX,105,8,6,1,1,0
DTW,180,8,3,0,5,0
IAH,23,8,0,8,0,0
JFK,60,8,1,7,0,0
DFW,220,8,7,0,1,0
IAH,26,8,0,8,0,0
LAS,51,8,1,7,0,0
IAD,27,8,7,1,0,0
LAX,198,8,8,0,0,0
IAD,188,8,6,2,0,0
DFW,64,8,3,1,4,0
SFO,168,8,6,2,0,0
LAS,217,8,6,2,0,0
LGA,1,8,7,0,1,0
DEN,82,8,8,0,0,0
DEN,14,8,6,1,1,0
DEN,21,8,5,2,1,0
JFK,187,8,2,5,1,0
ORD,249,8,4,4,0,0
DEN,203,8,7,0,1,0
DCA,2,8,8,0,0,0
LAX,92,8,8,0,0,0
DFW,197,8,7,1,0,0
LGA,54,8,8,0,0,0
LAX,302,8,2,5,1,0
DTW,359,7,5,1,1,0
DEN,348,7,4,3,0,0
SFO,341,7,1,3,3,0
JFK,363,7,5,2,0,0
DCA,362,7,3,1,3,0
IAD,346,7,0,4,3,0
EWR,353,7,0,6,1,0
EWR,358,7,2,3,2,0
IAD,366,7,1,6,0,0
LAS,354,7,3,3,1,0
LAS,346,7,3,4,0,0
LAS,360,7,4,1,2,0
LAS,337,7,7,0,0,0
DCA,319,7,3,0,4,0
LGA,308,7,7,0,0,0
DTW,311,7,7,0,0,0
LGA,318,7,0,2,5,0
ORD,326,7,7,0,0,0
LAS,323,7,7,0,0,0
DEN,309,7,2,5,0,0
DCA,353,7,2,5,0,0
LGA,289,7,7,0,0,0
DFW,339,7,7,0,0,0
SFO,275,7,6,1,0,0
LAX,274,7,7,0,0,0
DCA,300,7,6,0,1,0
LAX,281,7,7,0,0,0
LAX,280,7,6,0,1,0
DFW,273,7,7,0,0,0
DFW,264,7,4,1,2,0
LGA,244,7,6,1,0,0
ATL,263,7,3,0,4,0
DCA,361,7,2,3,2,0
DFW,263,7,4,1,2,0
LGA,265,7,4,0,3,0
ORD,269,7,0,1,6,0
IAD,263,7,2,0,5,0
IAD,257,7,3,4,0,0
DCA,14,7,6,1,0,0
DFW,72,7,7,0,0,0
DFW,355,7,1,6,0,0
LGA,230,7,5,2,0,0
LAS,226,7,2,4,1,0
DEN,220,7,7,0,0,0
LAX,235,7,7,0,0,0
DCA,224,7,5,0,2,0
BOS,216,7,3,4,0,0
DEN,222,7,4,1,2,0
LAS,70,7,6,1,0,0
EWR,70,7,7,0,0,0
ORD,152,7,6,0,1,0
DFW,84,7,7,0,0,0
DCA,258,7,6,0,1,0
LAX,238,7,7,0,0,0
LAX,231,7,3,3,1,0
BOS,76,7,5,1,1,0
LAX,213,7,7,0,0,0
LAX,224,7,7,0,0,0
LGA,33,7,5,0,2,0
ATL,27,7,4,0,3,0
DCA,211,7,5,0,2,0
LGA,210,7,6,1,0,0
DCA,183,7,3,3,1,0
SFO,204,7,5,1,1,0
LGA,105,7,4,3,0,0
DEN,192,7,7,0,0,0
EWR,86,7,7,0,0,0
ATL,207,7,6,1,0,0
JFK,210,7,1,6,0,0
JFK,212,7,5,1,1,0
DCA,163,7,7,0,0,0
DCA,187,7,0,2,5,0
ATL,184,7,6,1,0,0
JFK,184,7,6,0,1,0
DTW,210,7,6,1,0,0
IAD,191,7,5,2,0,0
ATL,65,7,1,6,0,0
EWR,209,7,6,1,0,0
DCA,198,7,5,0,2,0
DTW,61,7,7,0,0,0
EWR,184,7,2,2,3,0
LAX,204,7,4,3,0,0
LAX,201,7,7,0,0,0
IAH,208,7,2,3,2,0
DFW,151,7,5,0,2,0
LAS,132,7,6,0,1,0
LAX,218,7,7,0,0,0
LGA,266,7,5,0,2,0
ATL,175,7,7,0,0,0
JFK,202,7,5,1,1,0
DCA,171,7,6,0,1,0
SFO,233,7,4,2,1,0
DCA,160,7,5,0,2,0
DFW,154,7,3,2,2,0
LAX,180,7,7,0,0,0
LAX,164,7,7,0,0,0
LAX,181,7,6,0,1,0
LAX,322,7,7,0,0,0
DEN,162,7,4,3,0,0
DEN,161,7,4,3,0,0
SFO,260,7,3,0,4,0
JFK,175,7,2,5,0,0
DCA,169,7,1,1,5,0
DEN,168,7,5,2,0,0
ATL,168,7,5,1,1,0
ATL,163,7,6,0,1,0
DEN,155,7,4,2,1,0
DTW,177,7,4,1,2,0
LAX,209,7,4,0,3,0
LAX,177,7,5,1,1,0
LAS,12,7,0,7,0,0
SFO,161,7,6,1,0,0
BOS,362,7,4,2,1,0
DEN,142,7,2,2,3,0
LAX,156,7,6,0,1,0
LAS,156,7,7,0,0,0
LGA,20,7,5,1,1,0
LAS,13,7,6,1,0,0
DCA,240,7,6,1,0,0
LAX,190,7,6,0,1,0
LGA,126,7,5,2,0,0
LGA,131,7,6,0,1,0
DEN,126,7,5,2,0,0
ORD,146,7,6,1,0,0
ORD,142,7,7,0,0,0
LAX,252,7,5,1,1,0
DEN,191,7,3,4,0,0
ATL,147,7,1,5,1,0
BOS,136,7,1,1,5,0
JFK,169,7,0,6,1,0
DEN,129,7,6,0,1,0
BOS,127,7,6,1,0,0
ATL,179,7,5,0,2,0
DEN,20,7,5,2,0,0
LAX,214,7,7,0,0,0
DFW,96,7,6,0,1,0
IAH,99,7,7,0,0,0
LGA,14,7,6,1,0,0
ATL,9,7,4,3,0,0
LAS,55,7,6,1,0,0
IAD,150,7,6,0,1,0
LAX,106,7,7,0,0,0
DFW,104,7,7,0,0,0
SFO,48,7,6,1,0,0
BOS,105,7,5,0,2,0
DFW,324,7,7,0,0,0
DEN,95,7,7,0,0,0
LGA,24,7,5,2,0,0
BOS,83,7,7,0,0,0
ATL,118,7,2,0,5,0
LAX,358,7,2,3,2,0
IAD,98,7,7,0,0,0
DFW,116,7,5,2,0,0
BOS,98,7,7,0,0,0
SFO,198,7,7,0,0,0
LAX,47,7,4,1,2,0
JFK,86,7,6,0,1,0
LAS,259,7,5,2,0,0
SFO,68,7,6,1,0,0
SFO,76,7,5,2,0,0
LAX,104,7,5,1,1,0
ORD,110,7,6,0,1,0
ORD,125,7,7,0,0,0
DTW,131,7,3,1,3,0
BOS,65,7,3,4,0,0
LAS,205,7,5,2,0,0
IAD,79,7,0,0,7,0
LGA,282,7,2,0,5,0
LAX,61,7,6,0,1,0
IAD,77,7,2,5,0,0
EWR,162,7,4,2,1,0
IAD,64,7,3,1,3,0
LAX,311,7,7,0,0,0
DFW,234,7,3,4,0,0
ATL,69,7,5,1,1,0
JFK,250,7,0,6,1,0
DEN,17,7,7,0,0,0
DEN,111,7,6,1,0,0
LGA,4,7,6,1,0,0
ORD,168,7,4,2,1,0
DEN,163,7,5,2,0,0
BOS,8,7,5,1,1,0
LAX,157,7,5,0,2,0
BOS,40,7,0,5,2,0
DEN,85,7,7,0,0,0
DEN,179,7,3,4,0,0
EWR,44,7,5,2,0,0
BOS,198,7,5,1,1,0
LAX,83,7,6,1,0,0
LAX,20,7,4,3,0,0
LAX,258,7,2,4,1,0
DCA,50,7,5,2,0,0
ATL,170,7,4,2,1,0
LGA,61,7,7,0,0,0
DTW,8,7,4,1,2,0
LGA,158,7,4,1,2,0
LAX,46,7,5,2,0,0
JFK,51,7,4,3,0,0
DFW,206,7,5,0,2,0
DCA,179,7,4,1,2,0
DCA,210,7,7,0,0,0
LAX,163,7,6,1,0,0
DFW,40,7,4,3,0,0
DFW,14,7,4,2,1,0
DTW,85,7,7,0,0,0
ATL,11,7,7,0,0,0
BOS,272,7,4,0,3,0
LGA,49,7,5,0,2,0
EWR,299,7,0,2,5,0
LAX,58,7,5,2,0,0
BOS,57,7,5,1,1,0
SFO,315,7,5,1,1,0
LAX,49,7,5,0,2,0
DEN,108,7,7,0,0,0
ATL,33,7,6,0,1,0
DEN,56,7,4,2,1,0
IAD,175,7,4,0,3,0
DCA,18,7,0,7,0,0
SFO,187,7,6,1,0,0
DCA,7,7,4,1,2,0
ATL,93,7,6,1,0,0
DEN,57,7,6,1,0,0
LAS,160,7,7,0,0,0
JFK,155,7,1,3,3,0
JFK,4,7,5,1,1,0
LGA,365,7,6,0,1,0
LAS,16,7,6,0,1,0
DTW,4,7,4,3,0,0
JFK,365,7,4,3,0,0
EWR,28,7,2,1,4,0
LAS,21,7,6,0,1,0
DFW,305,7,7,0,0,0
LAS,64,7,5,1,1,0
ATL,7,7,4,2,1,0
LAS,5,7,6,1,0,0
LAS,281,7,7,0,0,0
JFK,2,7,6,0,1,0
ORD,71,7,6,0,1,0
LAX,200,7,6,0,1,0
DCA,5,7,4,1,2,0
BOS,6,7,6,0,1,0
DEN,193,7,6,1,0,0
LAX,6,7,6,0,1,0
SFO,39,7,7,0,0,0
ATL,28,7,1,2,4,0
DCA,15,7,3,4,0,0
LGA,133,7,4,1,2,0
ORD,124,7,7,0,0,0
DEN,234,7,7,0,0,0
LAX,247,7,6,1,0,0
LAX,188,7,5,1,1,0
BOS,349,7,5,0,2,0
DFW,8,7,5,0,2,0
IAD,302,7,3,0,4,0
LGA,2,7,7,0,0,0
JFK,30,7,4,2,1,0
SFO,18,7,4,3,0,0
JFK,200,7,5,1,1,0
IAD,19,7,6,1,0,0
EWR,151,7,0,1,6,0
IAD,38,7,5,2,0,0
DFW,139,7,7,0,0,0
IAD,189,7,5,0,2,0
DTW,18,7,0,5,2,0
LAS,56,7,7,0,0,0
LAX,13,7,6,1,0,0
BOS,1,7,7,0,0,0
LAX,336,6,4,1,1,0
ATL,366,6,2,4,0,0
ATL,364,6,4,1,1,0
DTW,347,6,4,0,2,0
EWR,359,6,2,1,3,0
LAS,358,6,5,1,0,0
LAX,342,6,5,1,0,0
LAX,337,6,5,1,0,0
DFW,329,6,6,0,0,0
DFW,318,6,5,0,1,0
ATL,326,6,6,0,0,0
ATL,330,6,6,0,0,0
JFK,353,6,3,3,0,0
LGA,325,6,5,0,1,0
ATL,310,6,1,1,4,0
BOS,317,6,5,0,1,0
LAS,307,6,6,0,0,0
LGA,330,6,2,0,4,0
LGA,323,6,6,0,0,0
ATL,322,6,6,0,0,0
ORD,318,6,4,1,1,0
IAD,313,6,5,0,1,0
BOS,325,6,5,0,1,0
LAX,326,6,6,0,0,0
LAS,325,6,4,2,0,0
LAX,323,6,6,0,0,0
LAX,319,6,6,0,0,0
IAD,352,6,4,1,1,0
LAS,315,6,5,1,0,0
DEN,305,6,4,0,2,0
LGA,301,6,5,0,1,0
EWR,303,6,2,0,4,0
ATL,342,6,6,0,0,0
DEN,278,6,3,0,3,0
DFW,286,6,1,5,0,0
LAX,288,6,6,0,0,0
DCA,255,6,1,5,0,0
DTW,255,6,1,3,2,0
DFW,259,6,5,1,0,0
LGA,273,6,6,0,0,0
LGA,271,6,2,1,3,0
IAD,11,6,6,0,0,0
LGA,272,6,3,0,3,0
DCA,341,6,3,1,2,0
DEN,104,6,5,0,1,0
DFW,169,6,5,1,0,0
SFO,259,6,4,0,2,0
DCA,282,6,5,0,1,0
ATL,243,6,0,6,0,0
DFW,219,6,6,0,0,0
BOS,217,6,4,2,0,0
ATL,239,6,4,0,2,0
BOS,231,6,2,4,0,0
DCA,234,6,2,3,1,0
DCA,233,6,5,1,0,0
IAD,168,6,4,1,1,0
LAX,169,6,6,0,0,0
LGA,239,6,5,0,1,0
DTW,220,6,1,0,5,0
DTW,215,6,3,0,3,0
DFW,228,6,3,1,2,0
DTW,227,6,2,2,2,0
DCA,215,6,3,0,3,0
SFO,231,6,3,0,3,0
LAX,228,6,6,0,0,0
SFO,218,6,3,1,2,0
DTW,218,6,6,0,0,0
LAS,216,6,3,2,1,0
LGA,251,6,2,1,3,0
DEN,187,6,2,4,0,0
ATL,6,6,3,2,1,0
LAS,155,6,2,3,1,0
BOS,176,6,5,1,0,0
LAX,261,6,4,2,0,0
DTW,192,6,5,1,0,0
LAS,246,6,4,2,0,0
DCA,184,6,5,1,0,0
EWR,228,6,3,0,3,0
ATL,226,6,2,0,4,0
DTW,58,6,4,0,2,0
BOS,184,6,5,1,0,0
BOS,193,6,6,0,0,0
SFO,207,6,6,0,0,0
DCA,97,6,3,1,2,0
SFO,342,6,2,1,3,0
IAD,201,6,5,1,0,0
JFK,189,6,3,3,0,0
DCA,136,6,2,2,2,0
DTW,55,6,1,2,3,0
IAD,45,6,5,0,1,0
BOS,199,6,6,0,0,0
DTW,205,6,4,1,1,0
LAS,90,6,4,1,1,0
IAH,194,6,3,1,2,0
LAS,209,6,5,1,0,0
BOS,261,6,5,1,0,0
LAS,78,6,5,1,0,0
LAX,195,6,6,0,0,0
IAD,166,6,3,2,1,0
LAX,133,6,5,0,1,0
JFK,352,6,1,5,0,0
LGA,106,6,6,0,0,0
LAS,208,6,0,5,1,0
SFO,253,6,5,0,1,0
ATL,154,6,4,1,1,0
DFW,178,6,4,1,1,0
SFO,170,6,4,2,0,0
DFW,60,6,5,1,0,0
DFW,157,6,4,1,1,0
DCA,156,6,3,1,2,0
DEN,171,6,5,0,1,0
DEN,170,6,5,1,0,0
DEN,107,6,6,0,0,0
LGA,154,6,4,2,0,0
DFW,92,6,5,1,0,0
LGA,153,6,3,3,0,0
IAD,152,6,4,0,2,0
DTW,155,6,1,0,5,0
LAX,10,6,4,1,1,0
SFO,190,6,6,0,0,0
IAH,203,6,3,2,1,0
DCA,168,6,1,2,3,0
DEN,213,6,6,0,0,0
LAS,175,6,5,0,1,0
DTW,165,6,2,1,3,0
DEN,184,6,6,0,0,0
DEN,246,6,3,3,0,0
DFW,221,6,6,0,0,0
EWR,93,6,6,0,0,0
SFO,169,6,6,0,0,0
ORD,225,6,6,0,0,0
ATL,121,6,6,0,0,0
LAX,176,6,3,0,3,0
DFW,309,6,6,0,0,0
LAX,123,6,5,0,1,0
LAX,223,6,5,1,0,0
DFW,131,6,5,0,1,0
LGA,121,6,6,0,0,0
ATL,131,6,3,0,3,0
SFO,122,6,4,1,1,0
DFW,150,6,5,0,1,0
JFK,76,6,6,0,0,0
ATL,299,6,6,0,0,0
ATL,136,6,3,3,0,0
JFK,132,6,2,4,0,0
IAH,232,6,0,0,6,0
BOS,124,6,3,0,3,0
BOS,182,6,5,0,1,0
LAX,148,6,6,0,0,0
SFO,147,6,5,1,0,0
SFO,141,6,6,0,0,0
IAH,135,6,2,4,0,0
LAS,140,6,5,0,1,0
SFO,135,6,6,0,0,0
LAX,222,6,4,1,1,0
IAD,176,6,6,0,0,0
DEN,50,6,4,2,0,0
IAH,168,6,1,4,1,0
DFW,118,6,2,0,4,0
ATL,73,6,5,1,0,0
DCA,4,6,5,1,0,0
BOS,111,6,5,1,0,0
BOS,191,6,6,0,0,0
ATL,24,6,4,2,0,0
LAX,115,6,6,0,0,0
DFW,112,6,6,0,0,0
ORD,321,6,5,0,1,0
LAX,102,6,6,0,0,0
SFO,92,6,6,0,0,0
JFK,115,6,5,1,0,0
LAX,108,6,5,0,1,0
LGA,103,6,5,1,0,0
ORD,119,6,5,0,1,0
IAH,361,6,1,5,0,0
DEN,105,6,4,2,0,0
DTW,103,6,6,0,0,0
IAD,93,6,5,1,0,0
DFW,313,6,5,0,1,0
IAD,101,6,3,0,3,0
LAX,289,6,5,1,0,0
EWR,206,6,4,0,2,0
DEN,183,6,3,2,1,0
LAX,112,6,6,0,0,0
DFW,267,6,6,0,0,0
SFO,140,6,5,1,0,0
EWR,160,6,5,1,0,0
DFW,54,6,5,1,0,0
JFK,302,6,2,2,2,0
DTW,60,6,5,1,0,0
LAS,92,6,6,0,0,0
DFW,61,6,5,1,0,0
ATL,22,6,3,2,1,0
LAX,339,6,5,1,0,0
LAX,273,6,6,0,0,0
SFO,334,6,1,4,1,0
DFW,276,6,6,0,0,0
LGA,83,6,6,0,0,0
LAX,79,6,5,0,1,0
SFO,67,6,5,1,0,0
LAX,87,6,5,1,0,0
DEN,86,6,5,0,1,0
DCA,199,6,5,1,0,0
SFO,82,6,5,1,0,0
DEN,78,6,5,1,0,0
LAX,75,6,3,3,0,0
ORD,348,6,5,1,0,0
LAS,23,6,3,0,3,0
LGA,72,6,6,0,0,0
EWR,157,6,5,0,1,0
LAX,155,6,5,1,0,0
SFO,148,6,6,0,0,0
SFO,128,6,6,0,0,0
IAH,63,6,3,3,0,0
SFO,64,6,5,0,1,0
SFO,310,6,5,0,1,0
LAX,39,6,6,0,0,0
BOS,19,6,6,0,0,0
ATL,269,6,3,0,3,0
LAX,282,6,5,1,0,0
BOS,318,6,3,2,1,0
DTW,302,6,1,1,4,0
LGA,320,6,6,0,0,0
LAX,325,6,5,1,0,0
LAX,277,6,5,0,1,0
DCA,89,6,4,0,2,0
DCA,350,6,3,2,1,0
IAH,357,6,4,2,0,0
BOS,177,6,5,0,1,0
DEN,109,6,5,1,0,0
DTW,88,6,6,0,0,0
ORD,237,6,4,0,2,0
DEN,68,6,5,1,0,0
JFK,198,6,0,5,1,0
BOS,33,6,3,1,2,0
BOS,47,6,3,1,2,0
LAX,17,6,5,1,0,0
ATL,95,6,5,1,0,0
LAX,32,6,4,0,2,0
JFK,50,6,5,1,0,0
ATL,58,6,5,1,0,0
LGA,104,6,6,0,0,0
DCA,59,6,4,2,0,0
ORD,113,6,6,0,0,0
IAD,347,6,5,0,1,0
LGA,9,6,4,2,0,0
ATL,87,6,5,0,1,0
LAX,109,6,5,0,1,0
BOS,32,6,5,1,0,0
LAX,203,6,5,0,1,0
LAS,46,6,4,2,0,0
BOS,44,6,3,2,1,0
SFO,199,6,6,0,0,0
ATL,79,6,4,1,1,0
JFK,44,6,3,3,0,0
SFO,213,6,6,0,0,0
IAH,24,6,1,5,0,0
LAS,22,6,4,0,2,0
LGA,111,6,4,0,2,0
ATL,304,6,5,0,1,0
LAS,147,6,5,1,0,0
LAX,259,6,4,2,0,0
ATL,158,6,4,2,0,0
DCA,3,6,4,1,1,0
ATL,46,6,2,4,0,0
ORD,329,6,5,1,0,0
LAX,53,6,2,3,1,0
LAS,50,6,4,0,2,0
JFK,77,6,3,3,0,0
IAD,54,6,6,0,0,0
LAS,41,6,3,3,0,0
DCA,359,6,1,4,1,0
EWR,156,6,2,3,1,0
DEN,231,6,1,5,0,0
JFK,40,6,1,4,1,0
DFW,195,6,5,1,0,0
LAX,76,6,3,3,0,0
ORD,60,6,6,0,0,0
DFW,171,6,5,1,0,0
ATL,38,6,4,0,2,0
LAS,238,6,6,0,0,0
DCA,87,6,5,0,1,0
DEN,74,6,2,0,4,0
ORD,140,6,6,0,0,0
LAS,234,6,4,2,0,0
DTW,27,6,3,1,2,0
IAD,92,6,5,0,1,0
LAS,7,6,5,1,0,0
IAD,80,6,0,4,2,0
DEN,308,6,3,2,1,0
BOS,160,6,3,2,1,0
DEN,72,6,4,2,0,0
DTW,87,6,6,0,0,0
BOS,24,6,5,1,0,0
LAS,294,6,6,0,0,0
DCA,28,6,2,1,3,0
DCA,6,6,4,1,1,0
LAX,15,6,5,1,0,0
DCA,102,6,3,0,3,0
ATL,220,6,5,1,0,0
IAD,122,6,4,1,1,0
LAX,80,6,4,1,1,0
BOS,15,6,5,1,0,0
SFO,101,6,6,0,0,0
DEN,291,6,6,0,0,0
SFO,80,6,5,1,0,0
IAD,59,6,6,0,0,0
SFO,11,6,4,2,0,0
SFO,25,6,2,2,2,0
SFO,77,6,0,5,1,0
JFK,28,6,3,2,1,0
DEN,194,6,5,1,0,0
DTW,95,6,5,0,1,0
BOS,128,6,4,0,2,0
IAD,28,6,5,1,0,0
JFK,195,6,5,0,1,0
LAX,199,6,6,0,0,0
EWR,27,6,2,2,2,0
DTW,24,6,4,2,0,0
DCA,55,6,2,0,4,0
DTW,345,6,1,3,2,0
IAD,20,6,4,1,1,0
DEN,7,6,5,1,0,0
LAS,316,6,6,0,0,0
DTW,15,6,1,2,3,0
SFO,301,6,1,2,3,0
SFO,251,6,5,0,1,0
SFO,167,6,4,2,0,0
EWR,30,6,1,1,4,0
LAS,359,6,5,1,0,0
DEN,147,6,1,5,0,0
LAX,206,6,5,0,1,0
BOS,350,5,3,1,1,0
ATL,348,5,4,1,0,0
BOS,342,5,5,0,0,0
BOS,343,5,2,2,1,0
SFO,360,5,5,0,0,0
DEN,336,5,4,1,0,0
SFO,345,5,4,1,0,0
DCA,347,5,2,1,2,0
IAD,363,5,5,0,0,0
LAX,359,5,5,0,0,0
DFW,349,5,4,1,0,0
IAD,348,5,5,0,0,0
DTW,341,5,2,1,2,0
IAD,345,5,1,1,3,0
IAH,355,5,0,5,0,0
LAS,364,5,4,1,0,0
SFO,347,5,2,3,0,0
LAX,347,5,4,1,0,0
LAS,347,5,3,2,0,0
SFO,343,5,3,2,0,0
LAS,343,5,5,0,0,0
DCA,360,5,5,0,0,0
LGA,321,5,2,1,2,0
ATL,324,5,5,0,0,0
BOS,320,5,3,1,1,0
BOS,309,5,5,0,0,0
LGA,329,5,5,0,0,0
LGA,315,5,5,0,0,0
ORD,308,5,4,0,1,0
ATL,321,5,1,0,4,0
DTW,318,5,2,2,1,0
IAD,320,5,2,2,1,0
LAS,331,5,5,0,0,0
LAS,324,5,5,0,0,0
DEN,324,5,4,1,0,0
DEN,323,5,5,0,0,0
DEN,317,5,4,1,0,0
DEN,312,5,5,0,0,0
DFW,281,5,5,0,0,0
ORD,300,5,2,0,3,0
DFW,296,5,2,2,1,0
DFW,289,5,2,3,0,0
DCA,329,5,5,0,0,0
LGA,299,5,0,3,2,0
ATL,303,5,4,0,1,0
DCA,301,5,5,0,0,0
LGA,300,5,5,0,0,0
DCA,291,5,5,0,0,0
LAS,274,5,5,0,0,0
LGA,284,5,5,0,0,0
ORD,287,5,5,0,0,0
ORD,280,5,3,0,2,0
SFO,291,5,2,3,0,0
LGA,304,5,3,0,2,0
IAD,338,5,4,1,0,0
ORD,276,5,2,3,0,0
LAS,296,5,4,0,1,0
DCA,299,5,2,2,1,0
LAS,288,5,4,1,0,0
LAS,279,5,5,0,0,0
EWR,258,5,3,2,0,0
BOS,256,5,0,5,0,0
DFW,260,5,4,1,0,0
DFW,254,5,3,2,0,0
ATL,253,5,4,1,0,0
BOS,262,5,4,0,1,0
BOS,259,5,5,0,0,0
DCA,268,5,2,0,3,0
DFW,266,5,5,0,0,0
IAD,256,5,2,3,0,0
ATL,264,5,5,0,0,0
LGA,245,5,3,2,0,0
DCA,54,5,4,1,0,0
LGA,250,5,2,1,2,0
IAD,149,5,5,0,0,0
LAX,251,5,4,1,0,0
LAX,248,5,5,0,0,0
LAS,247,5,3,1,1,0
LAX,254,5,5,0,0,0
LAS,261,5,3,2,0,0
BOS,141,5,5,0,0,0
LGA,225,5,5,0,0,0
DCA,232,5,5,0,0,0
DCA,47,5,2,1,2,0
SFO,223,5,3,2,0,0
SFO,236,5,4,0,1,0
LGA,233,5,4,1,0,0
BOS,233,5,4,1,0,0
JFK,224,5,3,1,1,0
DEN,48,5,5,0,0,0
IAD,220,5,3,2,0,0
DTW,226,5,1,1,3,0
IAD,217,5,3,2,0,0
DEN,247,5,5,0,0,0
IAH,231,5,0,5,0,0
LAX,150,5,4,0,0,1
LAX,240,5,5,0,0,0
SFO,228,5,4,0,1,0
SFO,224,5,5,0,0,0
DCA,128,5,3,0,2,0
DEN,79,5,3,2,0,0
DTW,48,5,3,0,2,0
LAS,273,5,5,0,0,0
DTW,326,5,4,0,1,0
DFW,188,5,4,0,1,0
DFW,201,5,3,0,2,0
ATL,117,5,4,0,1,0
EWR,191,5,3,0,2,0
LAS,76,5,4,1,0,0
DEN,209,5,4,1,0,0
DEN,190,5,5,0,0,0
SFO,166,5,3,1,1,0
SFO,131,5,5,0,0,0
LAX,182,5,4,1,0,0
SFO,234,5,5,0,0,0
DTW,201,5,3,1,1,0
DCA,202,5,4,0,1,0
JFK,185,5,5,0,0,0
IAD,207,5,4,1,0,0
ATL,189,5,2,1,2,0
LAX,234,5,5,0,0,0
IAD,187,5,4,1,0,0
LAS,212,5,5,0,0,0
LAS,210,5,5,0,0,0
ORD,243,5,5,0,0,0
LAS,196,5,5,0,0,0
SFO,191,5,5,0,0,0
DEN,214,5,4,1,0,0
DFW,303,5,5,0,0,0
ORD,233,5,3,2,0,0
DTW,176,5,4,0,1,0
BOS,163,5,5,0,0,0
IAD,303,5,5,0,0,0
LGA,75,5,5,0,0,0
EWR,32,5,3,1,1,0
LGA,116,5,1,2,2,0
DFW,10,5,3,0,2,0
DFW,162,5,4,1,0,0
IAD,184,5,5,0,0,0
DTW,53,5,1,3,1,0
ATL,181,5,3,0,2,0
DCA,170,5,4,1,0,0
LAS,166,5,4,0,1,0
SFO,171,5,4,1,0,0
SFO,181,5,5,0,0,0
DTW,105,5,4,0,1,0
SFO,164,5,5,0,0,0
DCA,320,5,2,1,2,0
DFW,142,5,4,1,0,0
LAS,165,5,3,2,0,0
LAS,184,5,5,0,0,0
ATL,164,5,2,1,2,0
ATL,250,5,3,0,2,0
EWR,98,5,5,0,0,0
DTW,190,5,1,1,3,0
LAX,170,5,4,1,0,0
LAS,170,5,5,0,0,0
LAS,169,5,5,0,0,0
SFO,162,5,5,0,0,0
LAS,154,5,5,0,0,0
DEN,116,5,4,1,0,0
ORD,339,5,5,0,0,0
DTW,175,5,3,1,1,0
BOS,72,5,5,0,0,0
LAS,9,5,3,1,1,0
BOS,126,5,5,0,0,0
DCA,123,5,5,0,0,0
DFW,141,5,5,0,0,0
ATL,172,5,5,0,0,0
DCA,140,5,2,2,1,0
DTW,123,5,5,0,0,0
BOS,131,5,2,0,3,0
IAD,169,5,2,3,0,0
ATL,265,5,5,0,0,0
SFO,139,5,5,0,0,0
SFO,136,5,5,0,0,0
ATL,138,5,5,0,0,0
DEN,141,5,4,1,0,0
LAS,138,5,5,0,0,0
JFK,23,5,4,1,0,0
ATL,129,5,1,0,4,0
DTW,129,5,1,2,2,0
DEN,240,5,4,0,1,0
EWR,115,5,2,3,0,0
SFO,133,5,5,0,0,0
LGA,229,5,5,0,0,0
LAS,227,5,3,2,0,0
LAS,159,5,2,1,2,0
LAX,153,5,5,0,0,0
DEN,45,5,5,0,0,0
SFO,235,5,5,0,0,0
LGA,247,5,3,1,1,0
IAD,5,5,3,2,0,0
BOS,23,5,4,1,0,0
IAD,171,5,4,1,0,0
BOS,93,5,3,2,0,0
LAX,166,5,3,1,1,0
DEN,112,5,5,0,0,0
SFO,132,5,5,0,0,0
ORD,107,5,5,0,0,0
JFK,96,5,4,1,0,0
LGA,143,5,2,0,3,0
ATL,114,5,4,1,0,0
LGA,224,5,2,0,3,0
DTW,174,5,2,0,3,0
LAX,37,5,5,0,0,0
IAD,94,5,3,0,2,0
LAS,120,5,5,0,0,0
SFO,112,5,5,0,0,0
LAX,111,5,4,1,0,0
IAH,206,5,2,0,3,0
LAS,95,5,5,0,0,0
IAH,3,5,2,3,0,0
DCA,196,5,4,0,1,0
ORD,228,5,5,0,0,0
DTW,330,5,3,2,0,0
IAD,15,5,1,4,0,0
SFO,86,5,5,0,0,0
DTW,70,5,4,1,0,0
BOS,211,5,4,1,0,0
JFK,119,5,2,2,1,0
LGA,259,5,4,0,1,0
LAX,96,5,5,0,0,0
ATL,88,5,5,0,0,0
DCA,84,5,2,0,3,0
LAS,60,5,2,2,1,0
IAH,101,5,5,0,0,0
IAD,14,5,3,2,0,0
LGA,23,5,3,2,0,0
IAH,70,5,0,5,0,0
LAX,82,5,5,0,0,0
SFO,114,5,5,0,0,0
DCA,83,5,5,0,0,0
ATL,72,5,5,0,0,0
SFO,119,5,5,0,0,0
JFK,64,5,4,1,0,0
LGA,279,5,4,0,1,0
DCA,92,5,4,1,0,0
IAH,90,5,3,0,2,0
IAH,34,5,2,2,1,0
BOS,153,5,4,1,0,0
LGA,200,5,5,0,0,0
DCA,114,5,3,1,1,0
DCA,73,5,4,0,1,0
IAH,43,5,2,3,0,0
IAD,69,5,5,0,0,0
EWR,15,5,2,3,0,0
LAS,24,5,3,0,2,0
LAS,317,5,5,0,0,0
ATL,4,5,4,1,0,0
LAS,11,5,2,3,0,0
EWR,60,5,4,1,0,0
LGA,363,5,4,1,0,0
DCA,71,5,4,0,1,0
IAD,17,5,5,0,0,0
IAD,95,5,5,0,0,0
DEN,115,5,3,2,0,0
SFO,62,5,4,0,1,0
DFW,7,5,5,0,0,0
SFO,146,5,3,0,2,0
JFK,300,5,1,3,1,0
EWR,38,5,2,2,1,0
SFO,63,5,5,0,0,0
LGA,192,5,3,2,0,0
IAH,27,5,3,1,1,0
DFW,363,5,5,0,0,0
DEN,11,5,2,3,0,0
BOS,104,5,5,0,0,0
SFO,47,5,4,0,1,0
LAX,360,5,4,1,0,0
LAX,125,5,5,0,0,0
LAX,191,5,5,0,0,0
LGA,305,5,4,0,1,0
DFW,149,5,5,0,0,0
ATL,44,5,5,0,0,0
EWR,55,5,0,2,3,0
DFW,175,5,5,0,0,0
SFO,58,5,5,0,0,0
SFO,239,5,5,0,0,0
DFW,44,5,5,0,0,0
LAX,57,5,5,0,0,0
ATL,49,5,4,1,0,0
LGA,12,5,2,2,1,0
SFO,70,5,5,0,0,0
BOS,353,5,3,2,0,0
DTW,113,5,5,0,0,0
LGA,37,5,3,1,1,0
ORD,260,5,4,1,0,0
LAS,58,5,3,2,0,0
BOS,12,5,3,2,0,0
DTW,84,5,5,0,0,0
DFW,53,5,3,2,0,0
LAS,219,5,4,0,1,0
LGA,107,5,5,0,0,0
DTW,162,5,5,0,0,0
DCA,11,5,4,0,1,0
DCA,365,5,4,0,1,0
DFW,225,5,5,0,0,0
BOS,27,5,2,0,3,0
LGA,215,5,3,0,2,0
LAS,40,5,3,2,0,0
IAD,342,5,5,0,0,0
LAS,86,5,5,0,0,0
DFW,111,5,5,0,0,0
ATL,341,5,5,0,0,0
LAX,18,5,2,3,0,0
BOS,20,5,5,0,0,0
DEN,71,5,3,2,0,0
DEN,23,5,1,3,1,0
LGA,25,5,2,3,0,0
BOS,50,5,5,0,0,0
ORD,207,5,5,0,0,0
DEN,196,5,5,0,0,0
ORD,103,5,5,0,0,0
DTW,23,5,5,0,0,0
EWR,350,5,1,1,3,0
DTW,9,5,3,2,0,0
LAX,139,5,5,0,0,0
LAX,187,5,5,0,0,0
LAS,47,5,3,1,1,0
DEN,43,5,3,2,0,0
LAS,141,5,5,0,0,0
LAX,38,5,5,0,0,0
LAS,38,5,5,0,0,0
ORD,120,5,5,0,0,0
LAS,37,5,4,1,0,0
IAD,30,5,3,1,1,0
SFO,35,5,3,1,1,0
ORD,73,5,3,2,0,0
LAX,116,5,5,0,0,0
DEN,19,5,5,0,0,0
SFO,215,5,5,0,0,0
DEN,245,5,0,4,1,0
IAD,9,5,5,0,0,0
SFO,116,5,3,2,0,0
LGA,73,5,4,0,1,0
LGA,267,5,4,0,1,0
LAS,80,5,3,2,0,0
ATL,329,5,5,0,0,0
SFO,71,5,5,0,0,0
JFK,186,5,5,0,0,0
DCA,38,5,5,0,0,0
BOS,158,5,4,1,0,0
LAX,315,5,4,1,0,0
EWR,20,5,3,2,0,0
SFO,216,5,3,1,1,0
EWR,37,5,3,2,0,0
DEN,313,5,4,1,0,0
LAX,275,5,5,0,0,0
EWR,140,5,2,1,2,0
SFO,363,5,5,0,0,0
IAD,170,5,2,2,1,0
LGA,197,5,5,0,0,0
LAX,67,5,2,3,0,0
DFW,338,5,2,3,0,0
DCA,27,5,3,0,2,0
BOS,123,5,5,0,0,0
DEN,149,5,3,2,0,0
EWR,58,5,5,0,0,0
ATL,259,5,2,3,0,0
SFO,186,5,4,1,0,0
DFW,39,5,5,0,0,0
ATL,320,5,1,2,2,0
DEN,64,5,5,0,0,0
SFO,322,5,3,1,1,0
SFO,200,5,5,0,0,0
IAD,164,5,2,0,3,0
ATL,272,5,5,0,0,0
IAH,31,5,0,3,2,0
LAS,173,5,3,1,1,0
DTW,364,5,5,0,0,0
ORD,220,5,2,1,2,0
DFW,243,5,0,5,0,0
LAX,183,5,4,1,0,0
DEN,59,5,5,0,0,0
DCA,318,5,1,1,3,0
LAS,6,5,3,1,1,0
IAD,26,5,5,0,0,0
DCA,17,5,4,1,0,0
IAD,6,5,4,0,1,0
LGA,179,5,2,2,1,0
SFO,79,5,4,0,1,0
SFO,118,5,5,0,0,0
DCA,19,5,3,2,0,0
LAX,244,5,3,2,0,0
SFO,177,5,3,0,2,0
LGA,92,5,4,1,0,0
JFK,218,5,2,1,2,0
BOS,306,5,5,0,0,0
ORD,229,5,5,0,0,0
DCA,57,5,2,1,2,0
DFW,261,5,5,0,0,0
DFW,198,5,5,0,0,0
ATL,197,5,4,0,1,0
EWR,61,5,2,1,2,0
JFK,69,5,5,0,0,0
JFK,361,4,2,2,0,0
ATL,340,4,4,0,0,0
LAX,362,4,4,0,0,0
DCA,363,4,4,0,0,0
LGA,337,4,3,0,1,0
IAD,350,4,3,1,0,0
ORD,340,4,3,1,0,0
DCA,343,4,3,0,1,0
SFO,336,4,2,0,2,0
DTW,360,4,4,0,0,0
ORD,338,4,4,0,0,0
LAS,362,4,3,1,0,0
SFO,361,4,0,4,0,0
LAS,338,4,4,0,0,0
DFW,317,4,4,0,0,0
DFW,311,4,4,0,0,0
LGA,317,4,3,0,1,0
DFW,319,4,2,1,1,0
BOS,329,4,4,0,0,0
BOS,326,4,4,0,0,0
BOS,315,4,4,0,0,0
LGA,316,4,4,0,0,0
DCA,323,4,3,0,1,0
LAX,328,4,3,1,0,0
DEN,307,4,4,0,0,0
SFO,331,4,2,2,0,0
EWR,326,4,4,0,0,0
DEN,334,4,1,3,0,0
ORD,328,4,4,0,0,0
ORD,327,4,4,0,0,0
ORD,322,4,4,0,0,0
SFO,329,4,4,0,0,0
LAS,326,4,4,0,0,0
SFO,325,4,3,1,0,0
SFO,318,4,2,2,0,0
DEN,311,4,3,1,0,0
DCA,305,4,4,0,0,0
DFW,295,4,2,1,1,0
ATL,282,4,3,0,1,0
BOS,290,4,1,1,2,0
DCA,287,4,4,0,0,0
LAS,286,4,3,1,0,0
DCA,284,4,4,0,0,0
BOS,274,4,4,0,0,0
LGA,278,4,4,0,0,0
LGA,291,4,4,0,0,0
LGA,275,4,4,0,0,0
DCA,275,4,4,0,0,0
DCA,290,4,2,0,2,0
DEN,288,4,4,0,0,0
ORD,279,4,2,1,1,0
ATL,297,4,4,0,0,0
IAD,301,4,4,0,0,0
ORD,292,4,1,3,0,0
LAX,294,4,4,0,0,0
JFK,245,4,2,2,0,0
SFO,340,4,1,3,0,0
DTW,248,4,2,1,1,0
ATL,260,4,0,4,0,0
BOS,273,4,3,0,1,0
DCA,264,4,4,0,0,0
LGA,262,4,3,0,1,0
LGA,261,4,3,0,1,0
DCA,248,4,2,0,2,0
JFK,246,4,1,3,0,0
DFW,272,4,4,0,0,0
DEN,210,4,3,1,0,0
SFO,247,4,3,0,1,0
IAH,262,4,0,2,2,0
LGA,270,4,0,1,3,0
ORD,268,4,2,1,1,0
IAD,265,4,4,0,0,0
IAD,255,4,2,1,1,0
DFW,282,4,4,0,0,0
IAD,250,4,4,0,0,0
DEN,244,4,0,4,0,0
EWR,245,4,0,4,0,0
SFO,129,4,4,0,0,0
DEN,261,4,3,1,0,0
DEN,259,4,3,1,0,0
LAX,253,4,3,1,0,0
LAX,249,4,2,2,0,0
IAD,218,4,4,0,0,0
ATL,240,4,4,0,0,0
DCA,239,4,2,0,2,0
LAX,239,4,4,0,0,0
BOS,228,4,1,1,2,0
DCA,238,4,1,0,3,0
DCA,241,4,3,1,0,0
ATL,171,4,4,0,0,0
IAD,213,4,3,0,1,0
IAD,224,4,3,1,0,0
SFO,220,4,3,1,0,0
LGA,237,4,3,0,1,0
JFK,228,4,2,1,1,0
JFK,217,4,1,2,1,0
JFK,216,4,2,1,1,0
DCA,44,4,2,2,0,0
DFW,145,4,4,0,0,0
IAD,221,4,4,0,0,0
SFO,88,4,4,0,0,0
ATL,224,4,3,0,1,0
IAH,223,4,3,1,0,0
DCA,127,4,3,1,0,0
DEN,280,4,4,0,0,0
DCA,349,4,4,0,0,0
LAS,334,4,4,0,0,0
LAS,231,4,1,3,0,0
SFO,214,4,3,1,0,0
LAX,246,4,2,1,1,0
ORD,341,4,2,0,2,0
IAD,312,4,1,2,1,0
ATL,149,4,3,0,0,1
ATL,261,4,1,3,0,0
BOS,312,4,2,1,1,0
DCA,149,4,3,0,1,0
DTW,196,4,4,0,0,0
LAS,194,4,3,1,0,0
LAS,183,4,4,0,0,0
LAS,202,4,4,0,0,0
LGA,193,4,3,0,1,0
DFW,202,4,3,0,1,0
DTW,203,4,3,0,1,0
IAD,200,4,4,0,0,0
IAD,199,4,4,0,0,0
EWR,170,4,3,1,0,0
SFO,192,4,3,0,1,0
IAH,76,4,2,2,0,0
SFO,225,4,4,0,0,0
BOS,238,4,0,0,4,0
IAH,118,4,3,1,0,0
DFW,265,4,4,0,0,0
LAX,184,4,4,0,0,0
SFO,182,4,3,0,1,0
EWR,195,4,1,1,2,0
BOS,192,4,4,0,0,0
IAD,203,4,3,1,0,0
BOS,187,4,2,1,1,0
BOS,149,4,4,0,0,0
JFK,199,4,4,0,0,0
SFO,279,4,4,0,0,0
IAD,123,4,4,0,0,0
DFW,114,4,2,2,0,0
BOS,296,4,3,0,1,0
ORD,187,4,4,0,0,0
DTW,184,4,1,0,3,0
IAD,182,4,3,1,0,0
ORD,261,4,4,0,0,0
JFK,256,4,1,3,0,0
BOS,240,4,4,0,0,0
LAX,196,4,3,0,1,0
EWR,202,4,4,0,0,0
DTW,189,4,3,0,1,0
LAS,186,4,4,0,0,0
DFW,152,4,3,1,0,0
BOS,92,4,4,0,0,0
IAH,216,4,2,2,0,0
DEN,219,4,3,1,0,0
LGA,177,4,2,0,2,0
DCA,154,4,3,0,1,0
DTW,158,4,3,1,0,0
JFK,3,4,2,1,1,0
IAD,210,4,3,0,1,0
DCA,193,4,3,1,0,0
LAX,165,4,4,0,0,0
SFO,173,4,3,1,0,0
DEN,131,4,2,1,1,0
DFW,163,4,4,0,0,0
JFK,62,4,3,1,0,0
DTW,49,4,3,0,1,0
LAX,237,4,4,0,0,0
DFW,156,4,3,1,0,0
SFO,104,4,3,0,1,0
IAD,177,4,3,0,1,0
DTW,104,4,4,0,0,0
SFO,125,4,4,0,0,0
IAD,153,4,4,0,0,0
IAH,175,4,2,2,0,0
LAS,174,4,3,0,1,0
DTW,74,4,0,4,0,0
LAS,162,4,4,0,0,0
SFO,155,4,4,0,0,0
SFO,158,4,4,0,0,0
LAX,242,4,4,0,0,0
DCA,259,4,4,0,0,0
DFW,137,4,4,0,0,0
ORD,303,4,4,0,0,0
JFK,121,4,4,0,0,0
BOS,337,4,3,1,0,0
LAS,20,4,3,1,0,0
LGA,123,4,2,1,1,0
DTW,57,4,3,1,0,0
EWR,148,4,3,1,0,0
BOS,246,4,3,1,0,0
BOS,341,4,2,2,0,0
LAS,101,4,4,0,0,0
DCA,139,4,1,1,2,0
LGA,125,4,3,0,1,0
ORD,145,4,3,1,0,0
LGA,124,4,3,0,1,0
LGA,134,4,3,0,1,0
DEN,139,4,4,0,0,0
DEN,146,4,3,1,0,0
ORD,299,4,3,0,1,0
LAX,131,4,2,0,2,0
SFO,124,4,1,0,3,0
DEN,152,4,4,0,0,0
LGA,130,4,3,0,1,0
ATL,128,4,3,0,1,0
IAD,147,4,1,0,3,0
BOS,171,4,3,0,1,0
BOS,185,4,4,0,0,0
ATL,315,4,2,2,0,0
LAS,363,4,4,0,0,0
IAD,343,4,4,0,0,0
ATL,130,4,3,0,1,0
DTW,212,4,3,0,1,0
DTW,136,4,3,0,1,0
JFK,11,4,3,1,0,0
DTW,147,4,1,1,2,0
LAS,148,4,3,1,0,0
ORD,137,4,4,0,0,0
LAX,135,4,4,0,0,0
LAS,133,4,3,1,0,0
LAX,132,4,3,1,0,0
DFW,199,4,4,0,0,0
LAS,126,4,4,0,0,0
DCA,200,4,4,0,0,0
IAH,112,4,3,1,0,0
DFW,181,4,4,0,0,0
DEN,169,4,4,0,0,0
DEN,165,4,2,1,1,0
DCA,75,4,4,0,0,0
DEN,329,4,3,1,0,0
ATL,150,4,1,0,3,0
LAS,181,4,4,0,0,0
SFO,134,4,4,0,0,0
ATL,268,4,3,0,1,0
BOS,18,4,1,3,0,0
LAS,93,4,4,0,0,0
SFO,150,4,4,0,0,0
DCA,225,4,4,0,0,0
ATL,221,4,4,0,0,0
DEN,92,4,4,0,0,0
DEN,91,4,3,1,0,0
SFO,115,4,4,0,0,0
BOS,365,4,3,0,1,0
IAD,91,4,2,0,2,0
LGA,228,4,1,0,3,0
ATL,338,4,3,1,0,0
ORD,185,4,4,0,0,0
LAS,113,4,4,0,0,0
LAS,151,4,4,0,0,0
IAD,249,4,2,2,0,0
IAD,154,4,4,0,0,0
BOS,110,4,2,1,1,0
IAH,56,4,1,1,2,0
IAD,133,4,4,0,0,0
LAS,187,4,3,1,0,0
LAX,118,4,4,0,0,0
LAS,116,4,3,1,0,0
BOS,236,4,4,0,0,0
LGA,238,4,1,0,3,0
DEN,172,4,4,0,0,0
IAH,48,4,3,1,0,0
DTW,132,4,0,0,4,0
DCA,315,4,3,0,1,0
LAX,110,4,4,0,0,0
DEN,58,4,4,0,0,0
LAS,176,4,3,0,1,0
EWR,5,4,1,2,1,0
DFW,359,4,3,1,0,0
JFK,197,4,4,0,0,0
DEN,151,4,4,0,0,0
DEN,230,4,2,2,0,0
LAX,272,4,4,0,0,0
DFW,183,4,3,1,0,0
LAS,107,4,3,1,0,0
ATL,83,4,4,0,0,0
BOS,11,4,2,2,0,0
IAD,248,4,2,2,0,0
JFK,310,4,0,4,0,0
BOS,71,4,1,1,2,0
DTW,114,4,4,0,0,0
DCA,113,4,3,1,0,0
ORD,83,4,4,0,0,0
JFK,156,4,2,0,2,0
DTW,38,4,3,0,1,0
DEN,89,4,1,3,0,0
DEN,87,4,4,0,0,0
LGA,150,4,2,0,2,0
JFK,157,4,2,1,1,0
LAS,225,4,4,0,0,0
IAH,222,4,1,0,3,0
DFW,75,4,2,2,0,0
SFO,31,4,4,0,0,0
LAS,62,4,3,1,0,0
LAX,185,4,4,0,0,0
BOS,151,4,2,1,1,0
LAX,159,4,3,1,0,0
DFW,68,4,3,0,1,0
DCA,96,4,2,2,0,0
DCA,107,4,4,0,0,0
ORD,266,4,4,0,0,0
DCA,111,4,2,1,1,0
BOS,28,4,0,0,4,0
LAS,85,4,4,0,0,0
DTW,72,4,4,0,0,0
DEN,103,4,4,0,0,0
ORD,235,4,4,0,0,0
LAX,72,4,2,1,1,0
DFW,269,4,1,0,3,0
SFO,138,4,3,1,0,0
IAD,112,4,4,0,0,0
LAX,297,4,3,0,1,0
LAS,112,4,4,0,0,0
ORD,278,4,3,1,0,0
DTW,54,4,3,1,0,0
DTW,202,4,4,0,0,0
JFK,268,4,0,4,0,0
LAX,268,4,4,0,0,0
BOS,114,4,4,0,0,0
LAS,49,4,4,0,0,0
DFW,45,4,2,2,0,0
EWR,183,4,2,2,0,0
SFO,323,4,2,2,0,0
DTW,7,4,2,0,2,0
LAX,171,4,4,0,0,0
DCA,22,4,4,0,0,0
IAH,225,4,4,0,0,0
ATL,82,4,4,0,0,0
ORD,324,4,4,0,0,0
SFO,362,4,4,0,0,0
BOS,39,4,4,0,0,0
EWR,343,4,1,3,0,0
LAS,223,4,2,2,0,0
DTW,217,4,1,2,1,0
SFO,41,4,3,1,0,0
ATL,26,4,4,0,0,0
DEN,289,4,4,0,0,0
LAS,224,4,4,0,0,0
DCA,270,4,2,0,2,0
IAD,84,4,3,1,0,0
IAD,318,4,0,2,2,0
IAD,61,4,4,0,0,0
IAD,148,4,4,0,0,0
DFW,106,4,4,0,0,0
DCA,251,4,3,0,1,0
EWR,198,4,2,0,2,0
EWR,50,4,3,1,0,0
JFK,59,4,3,0,1,0
BOS,45,4,3,0,1,0
ATL,108,4,4,0,0,0
SFO,111,4,3,1,0,0
LAS,276,4,4,0,0,0
EWR,19,4,3,0,1,0
IAD,328,4,4,0,0,0
DTW,93,4,3,1,0,0
DEN,93,4,1,2,1,0
LAS,289,4,4,0,0,0
JFK,181,4,3,1,0,0
EWR,105,4,4,0,0,0
IAD,50,4,4,0,0,0
BOS,298,4,4,0,0,0
DTW,14,4,1,0,3,0
DFW,321,4,3,0,1,0
DCA,53,4,0,4,0,0
DEN,176,4,4,0,0,0
DTW,25,4,3,0,1,0
BOS,14,4,3,1,0,0
LGA,338,4,4,0,0,0
DFW,347,4,3,0,1,0
SFO,109,4,3,0,1,0
LAS,260,4,2,2,0,0
DCA,133,4,3,0,1,0
BOS,70,4,4,0,0,0
ORD,135,4,3,1,0,0
SFO,229,4,3,1,0,0
SFO,75,4,4,0,0,0
LGA,26,4,3,1,0,0
DCA,26,4,3,1,0,0
IAH,5,4,2,2,0,0
IAH,16,4,0,3,1,0
DFW,4,4,4,0,0,0
LAS,268,4,4,0,0,0
LAS,2,4,4,0,0,0
JFK,122,4,2,1,1,0
DCA,23,4,2,2,0,0
DCA,237,4,3,0,1,0
EWR,75,4,3,0,1,0
SFO,60,4,4,0,0,0
EWR,158,4,4,0,0,0
LAX,59,4,3,1,0,0
DTW,310,4,1,0,3,0
LAX,134,4,4,0,0,0
IAD,193,4,4,0,0,0
SFO,156,4,2,0,2,0
ATL,14,4,4,0,0,0
BOS,328,4,4,0,0,0
IAD,132,4,2,0,2,0
DEN,125,4,4,0,0,0
ATL,289,4,2,1,1,0
JFK,233,4,3,0,1,0
DFW,323,4,3,0,1,0
DEN,238,4,4,0,0,0
BOS,268,4,2,1,1,0
JFK,270,4,2,0,2,0
JFK,65,4,3,1,0,0
EWR,163,4,2,2,0,0
LGA,306,4,4,0,0,0
BOS,55,4,3,1,0,0
LAX,129,4,4,0,0,0
DCA,72,4,4,0,0,0
IAH,17,4,2,2,0,0
IAD,8,4,3,0,1,0
EWR,24,4,4,0,0,0
DEN,177,4,3,1,0,0
LAS,68,4,3,0,1,0
JFK,360,3,3,0,0,0
BOS,359,3,0,3,0,0
DTW,339,3,2,1,0,0
DFW,337,3,1,0,2,0
LAS,336,3,3,0,0,0
DCA,348,3,3,0,0,0
DEN,343,3,2,1,0,0
SFO,364,3,3,0,0,0
IAH,358,3,1,1,1,0
SFO,348,3,3,0,0,0
ATL,359,3,2,1,0,0
LGA,359,3,3,0,0,0
JFK,347,3,3,0,0,0
LGA,348,3,3,0,0,0
IAD,336,3,3,0,0,0
DCA,338,3,3,0,0,0
IAD,351,3,1,1,1,0
DEN,345,3,3,0,0,0
LAS,342,3,3,0,0,0
SFO,338,3,1,2,0,0
DFW,331,3,3,0,0,0
DCA,309,3,3,0,0,0
DCA,316,3,0,1,2,0
JFK,311,3,2,1,0,0
JFK,330,3,2,0,1,0
ATL,323,3,3,0,0,0
DFW,333,3,2,1,0,0
DCA,325,3,3,0,0,0
BOS,324,3,3,0,0,0
LGA,313,3,3,0,0,0
DFW,307,3,3,0,0,0
DCA,306,3,3,0,0,0
DTW,307,3,1,2,0,0
DCA,337,3,2,0,1,0
IAD,322,3,3,0,0,0
DTW,321,3,2,0,1,0
ORD,312,3,1,2,0,0
ATL,307,3,2,0,1,0
IAD,310,3,0,0,3,0
DTW,320,3,1,2,0,0
LAS,330,3,3,0,0,0
LAS,327,3,2,1,0,0
LAS,322,3,3,0,0,0
LAS,318,3,3,0,0,0
SFO,316,3,2,1,0,0
DEN,316,3,1,2,0,0
LAX,310,3,3,0,0,0
LGA,307,3,3,0,0,0
DFW,297,3,3,0,0,0
DFW,285,3,2,0,1,0
ORD,277,3,3,0,0,0
ATL,280,3,2,1,0,0
ATL,287,3,3,0,0,0
SFO,306,3,2,1,0,0
DTW,291,3,3,0,0,0
ORD,298,3,2,1,0,0
DFW,278,3,3,0,0,0
DTW,342,3,2,0,1,0
DFW,299,3,3,0,0,0
BOS,295,3,3,0,0,0
BOS,305,3,3,0,0,0
DCA,304,3,1,0,2,0
BOS,303,3,3,0,0,0
BOS,301,3,2,0,1,0
DCA,289,3,3,0,0,0
BOS,281,3,3,0,0,0
ORD,290,3,2,0,1,0
ORD,284,3,3,0,0,0
LAX,300,3,2,1,0,0
SFO,278,3,3,0,0,0
BOS,313,3,3,0,0,0
DFW,330,3,3,0,0,0
SFO,300,3,1,2,0,0
ORD,294,3,3,0,0,0
IAD,286,3,3,0,0,0
ATL,286,3,3,0,0,0
ORD,325,3,2,1,0,0
LGA,280,3,3,0,0,0
LGA,336,3,3,0,0,0
LAS,305,3,3,0,0,0
LAS,302,3,2,0,1,0
LAS,301,3,3,0,0,0
LAX,291,3,3,0,0,0
JFK,244,3,0,3,0,0
LGA,253,3,2,0,1,0
DCA,272,3,3,0,0,0
DCA,271,3,1,0,2,0
BOS,260,3,3,0,0,0
LGA,254,3,3,0,0,0
DCA,254,3,3,0,0,0
BOS,245,3,2,1,0,0
DEN,268,3,3,0,0,0
SFO,273,3,3,0,0,0
DCA,246,3,2,1,0,0
ORD,262,3,3,0,0,0
SFO,249,3,2,0,1,0
LAS,328,3,3,0,0,0
SFO,248,3,3,0,0,0
LAS,244,3,1,2,0,0
ATL,273,3,3,0,0,0
IAD,266,3,3,0,0,0
DEN,266,3,3,0,0,0
DTW,269,3,1,0,2,0
LAX,270,3,3,0,0,0
DEN,236,3,2,1,0,0
BOS,230,3,3,0,0,0
LAS,249,3,1,2,0,0
LAS,248,3,3,0,0,0
DEN,248,3,3,0,0,0
JFK,243,3,0,3,0,0
DEN,102,3,3,0,0,0
EWR,141,3,3,0,0,0
LAS,88,3,3,0,0,0
LAS,8,3,3,0,0,0
LAX,250,3,2,1,0,0
ATL,120,3,2,0,1,0
ATL,241,3,3,0,0,0
LGA,240,3,3,0,0,0
LAS,222,3,1,2,0,0
ORD,221,3,3,0,0,0
DEN,233,3,3,0,0,0
EWR,238,3,1,0,2,0
LAX,226,3,2,0,1,0
LAX,271,3,3,0,0,0
IAD,239,3,2,0,1,0
IAD,237,3,1,0,2,0
DCA,46,3,1,2,0,0
ATL,152,3,3,0,0,0
DTW,228,3,2,0,1,0
LAS,242,3,3,0,0,0
DEN,252,3,2,0,1,0
DEN,239,3,3,0,0,0
DEN,138,3,3,0,0,0
BOS,270,3,0,1,2,0
DTW,211,3,3,0,0,0
DCA,188,3,2,1,0,0
DCA,24,3,2,1,0,0
BOS,287,3,3,0,0,0
BOS,186,3,3,0,0,0
DFW,185,3,3,0,0,0
DFW,186,3,3,0,0,0
DTW,206,3,3,0,0,0
BOS,200,3,3,0,0,0
IAD,198,3,3,0,0,0
BOS,197,3,3,0,0,0
BOS,321,3,1,0,2,0
DEN,186,3,3,0,0,0
ORD,74,3,0,3,0,0
DCA,39,3,3,0,0,0
DTW,209,3,3,0,0,0
LAX,230,3,2,0,1,0
IAD,253,3,3,0,0,0
DEN,237,3,2,1,0,0
IAH,195,3,3,0,0,0
IAD,183,3,1,1,1,0
IAH,207,3,1,0,2,0
EWR,210,3,3,0,0,0
LAS,264,3,3,0,0,0
DEN,346,3,1,1,1,0
DTW,198,3,2,0,1,0
SFO,108,3,3,0,0,0
SFO,183,3,3,0,0,0
IAH,171,3,3,0,0,0
BOS,143,3,2,0,1,0
DCA,105,3,2,0,1,0
DTW,230,3,2,1,0,0
EWR,244,3,0,3,0,0
DFW,136,3,2,0,1,0
DTW,305,3,3,0,0,0
DEN,232,3,3,0,0,0
IAH,209,3,3,0,0,0
ATL,337,3,2,1,0,0
SFO,153,3,3,0,0,0
DCA,176,3,3,0,0,0
DCA,152,3,1,0,2,0
BOS,152,3,3,0,0,0
EWR,187,3,0,2,1,0
LAX,152,3,3,0,0,0
SFO,157,3,2,0,1,0
EWR,176,3,3,0,0,0
IAH,164,3,1,1,1,0
LAX,179,3,2,1,0,0
SFO,178,3,2,0,1,0
LAX,173,3,2,1,0,0
DTW,171,3,3,0,0,0
DTW,154,3,1,0,2,0
DEN,226,3,2,1,0,0
IAH,172,3,3,0,0,0
DEN,274,3,3,0,0,0
IAH,160,3,0,1,2,0
LAX,276,3,3,0,0,0
DTW,181,3,1,1,1,0
LAX,172,3,2,1,0,0
LAS,171,3,3,0,0,0
DFW,146,3,3,0,0,0
DTW,325,3,1,2,0,0
JFK,130,3,3,0,0,0
DEN,315,3,1,2,0,0
IAH,315,3,1,2,0,0
EWR,126,3,3,0,0,0
LAS,59,3,3,0,0,0
DEN,24,3,0,2,1,0
LGA,138,3,3,0,0,0
ATL,123,3,2,1,0,0
LGA,149,3,2,0,1,0
LGA,141,3,3,0,0,0
ATL,139,3,2,0,1,0
EWR,138,3,0,0,3,0
DCA,126,3,3,0,0,0
DCA,276,3,2,0,1,0
DEN,123,3,3,0,0,0
LAS,131,3,2,0,1,0
BOS,133,3,3,0,0,0
LAX,128,3,3,0,0,0
DEN,124,3,3,0,0,0
DCA,125,3,2,0,1,0
DCA,143,3,1,0,2,0
DFW,143,3,3,0,0,0
DEN,140,3,3,0,0,0
LGA,146,3,3,0,0,0
ORD,138,3,3,0,0,0
LAX,136,3,3,0,0,0
DFW,148,3,1,1,1,0
EWR,211,3,2,1,0,0
DEN,134,3,2,1,0,0
DEN,130,3,1,0,2,0
IAD,128,3,3,0,0,0
IAD,65,3,1,2,0,0
LAS,124,3,3,0,0,0
IAD,124,3,2,0,1,0
IAH,123,3,1,2,0,0
IAH,147,3,0,3,0,0
SFO,151,3,1,1,1,0
LAX,143,3,3,0,0,0
LAX,146,3,3,0,0,0
JFK,84,3,3,0,0,0
SFO,126,3,1,1,1,0
LGA,19,3,3,0,0,0
ORD,267,3,3,0,0,0
IAH,98,3,2,1,0,0
JFK,120,3,3,0,0,0
DFW,119,3,2,0,1,0
JFK,47,3,0,2,1,0
JFK,95,3,3,0,0,0
DTW,96,3,1,2,0,0
DFW,120,3,1,0,2,0
ATL,135,3,3,0,0,0
ATL,105,3,3,0,0,0
ATL,102,3,3,0,0,0
BOS,279,3,3,0,0,0
DEN,110,3,1,2,0,0
IAD,102,3,3,0,0,0
IAH,108,3,0,3,0,0
DCA,104,3,3,0,0,0
BOS,108,3,3,0,0,0
IAD,119,3,2,1,0,0
ATL,103,3,3,0,0,0
DFW,364,3,3,0,0,0
LGA,140,3,3,0,0,0
SFO,159,3,1,0,2,0
BOS,106,3,3,0,0,0
IAD,186,3,3,0,0,0
DFW,340,3,3,0,0,0
DCA,119,3,2,1,0,0
BOS,107,3,3,0,0,0
EWR,104,3,3,0,0,0
DEN,148,3,1,2,0,0
IAD,115,3,2,1,0,0
IAD,114,3,3,0,0,0
IAD,294,3,3,0,0,0
LAS,213,3,3,0,0,0
IAH,85,3,3,0,0,0
EWR,235,3,3,0,0,0
DTW,219,3,2,0,1,0
DTW,46,3,2,1,0,0
DFW,360,3,0,3,0,0
IAD,86,3,3,0,0,0
IAD,120,3,3,0,0,0
BOS,73,3,3,0,0,0
SFO,94,3,2,1,0,0
DEN,337,3,3,0,0,0
IAD,121,3,3,0,0,0
DCA,112,3,2,1,0,0
ORD,109,3,3,0,0,0
ATL,116,3,2,1,0,0
IAH,297,3,2,1,0,0
DTW,83,3,3,0,0,0
JFK,70,3,3,0,0,0
LAX,293,3,2,1,0,0
DCA,230,3,2,1,0,0
LAS,152,3,3,0,0,0
LGA,108,3,3,0,0,0
LAS,106,3,3,0,0,0
IAH,10,3,1,2,0,0
ATL,76,3,2,1,0,0
DTW,197,3,2,1,0,0
ATL,198,3,3,0,0,0
LAS,104,3,3,0,0,0
DTW,273,3,3,0,0,0
SFO,172,3,2,1,0,0
EWR,83,3,3,0,0,0
ORD,282,3,2,0,1,0
DFW,73,3,3,0,0,0
IAD,206,3,3,0,0,0
DEN,83,3,2,1,0,0
IAD,82,3,3,0,0,0
IAD,76,3,2,1,0,0
LAX,89,3,3,0,0,0
SFO,149,3,2,0,1,0
SFO,81,3,3,0,0,0
LAX,81,3,3,0,0,0
DEN,137,3,3,0,0,0
EWR,16,3,1,1,1,0
ATL,274,3,3,0,0,0
EWR,128,3,3,0,0,0
SFO,73,3,3,0,0,0
DFW,308,3,3,0,0,0
LGA,82,3,3,0,0,0
DEN,181,3,2,1,0,0
LAS,218,3,3,0,0,0
DCA,197,3,3,0,0,0
SFO,142,3,3,0,0,0
ATL,349,3,2,0,1,0
IAD,81,3,2,1,0,0
DEN,81,3,2,1,0,0
DEN,224,3,2,1,0,0
IAH,129,3,2,0,1,0
DFW,81,3,3,0,0,0
DCA,106,3,3,0,0,0
BOS,95,3,3,0,0,0
LAS,164,3,2,1,0,0
ATL,317,3,3,0,0,0
IAH,64,3,1,1,1,0
JFK,21,3,3,0,0,0
DEN,60,3,3,0,0,0
SFO,74,3,3,0,0,0
IAH,37,3,0,3,0,0
DFW,253,3,3,0,0,0
IAH,234,3,1,2,0,0
IAD,7,3,2,1,0,0
JFK,98,3,3,0,0,0
SFO,265,3,3,0,0,0
IAD,89,3,2,0,1,0
LGA,142,3,1,0,2,0
BOS,323,3,3,0,0,0
DEN,120,3,2,0,1,0
EWR,111,3,2,1,0,0
JFK,33,3,3,0,0,0
EWR,59,3,3,0,0,0
ATL,104,3,3,0,0,0
LAS,119,3,2,1,0,0
EWR,171,3,2,1,0,0
EWR,81,3,2,1,0,0
DTW,92,3,2,0,1,0
ATL,32,3,3,0,0,0
ATL,39,3,2,1,0,0
IAD,219,3,1,1,1,0
LAS,72,3,3,0,0,0
IAD,131,3,3,0,0,0
LAX,219,3,3,0,0,0
LAX,45,3,3,0,0,0
DCA,60,3,3,0,0,0
LGA,246,3,2,1,0,0
DEN,88,3,1,2,0,0
LAS,143,3,3,0,0,0
ATL,218,3,3,0,0,0
LGA,74,3,1,2,0,0
LAX,207,3,3,0,0,0
SFO,144,3,2,0,1,0
BOS,116,3,2,1,0,0
EWR,362,3,0,2,1,0
JFK,102,3,1,1,1,0
LAS,54,3,3,0,0,0
BOS,54,3,3,0,0,0
JFK,49,3,2,0,1,0
DTW,178,3,1,0,2,0
BOS,112,3,2,1,0,0
DTW,89,3,2,0,1,0
BOS,207,3,3,0,0,0
SFO,91,3,3,0,0,0
JFK,319,3,1,0,2,0
SFO,195,3,3,0,0,0
SFO,105,3,2,1,0,0
IAH,122,3,2,1,0,0
DCA,116,3,1,1,1,0
EWR,233,3,2,1,0,0
IAH,140,3,1,0,2,0
LAS,253,3,3,0,0,0
DCA,32,3,2,0,1,0
DCA,281,3,2,1,0,0
ORD,273,3,2,0,1,0
ATL,311,3,1,0,2,0
LAS,163,3,3,0,0,0
DTW,11,3,2,1,0,0
ORD,288,3,3,0,0,0
JFK,170,3,2,1,0,0
JFK,162,3,2,0,1,0
IAD,88,3,3,0,0,0
IAD,85,3,3,0,0,0
DCA,339,3,3,0,0,0
DFW,103,3,3,0,0,0
LGA,182,3,2,0,1,0
JFK,8,3,2,1,0,0
LAS,199,3,3,0,0,0
LAS,198,3,3,0,0,0
LAX,103,3,3,0,0,0
BOS,17,3,2,1,0,0
DTW,168,3,1,1,1,0
LAX,48,3,3,0,0,0
IAH,52,3,2,1,0,0
DCA,37,3,2,1,0,0
ORD,96,3,3,0,0,0
ORD,88,3,3,0,0,0
DTW,329,3,3,0,0,0
LGA,263,3,1,0,2,0
IAD,58,3,3,0,0,0
DFW,293,3,3,0,0,0
DTW,271,3,3,0,0,0
JFK,18,3,3,0,0,0
DCA,25,3,0,3,0,0
LAX,194,3,3,0,0,0
ORD,297,3,2,1,0,0
DCA,247,3,3,0,0,0
JFK,5,3,2,0,1,0
DCA,49,3,2,0,1,0
DTW,117,3,1,2,0,0
SFO,97,3,3,0,0,0
IAH,220,3,3,0,0,0
JFK,27,3,3,0,0,0
DEN,258,3,0,3,0,0
DTW,213,3,3,0,0,0
LGA,95,3,2,0,1,0
EWR,246,3,1,2,0,0
IAH,45,3,2,1,0,0
LAS,127,3,3,0,0,0
IAD,97,3,3,0,0,0
DEN,301,3,3,0,0,0
LAS,142,3,2,1,0,0
DEN,282,3,3,0,0,0
DEN,221,3,3,0,0,0
SFO,244,3,3,0,0,0
ORD,263,3,0,0,3,0
IAH,21,3,0,3,0,0
SFO,130,3,3,0,0,0
LGA,288,3,3,0,0,0
LGA,89,3,2,0,1,0
LAX,349,3,2,0,1,0
EWR,102,3,3,0,0,0
IAH,18,3,0,2,1,0
LAS,197,3,3,0,0,0
SFO,137,3,3,0,0,0
IAH,212,3,2,1,0,0
IAD,130,3,3,0,0,0
LAX,124,3,2,0,1,0
SFO,110,3,3,0,0,0
LAX,186,3,3,0,0,0
IAH,9,3,2,1,0,0
BOS,348,2,2,0,0,0
DFW,341,2,1,0,1,0
DCA,342,2,1,1,0,0
EWR,363,2,1,0,1,0
JFK,340,2,2,0,0,0
EWR,338,2,2,0,0,0
SFO,358,2,1,1,0,0
IAD,357,2,2,0,0,0
IAD,340,2,2,0,0,0
IAD,339,2,2,0,0,0
IAH,362,2,0,2,0,0
IAH,363,2,2,0,0,0
DCA,364,2,2,0,0,0
JFK,358,2,0,1,1,0
IAH,343,2,2,0,0,0
ATL,336,2,2,0,0,0
LAX,364,2,1,1,0,0
LAS,349,2,2,0,0,0
LAS,348,2,2,0,0,0
LAX,340,2,2,0,0,0
DEN,339,2,2,0,0,0
DTW,337,2,2,0,0,0
DFW,328,2,2,0,0,0
ORD,309,2,1,0,1,0
DTW,306,2,2,0,0,0
DTW,309,2,2,0,0,0
DCA,311,2,1,1,0,0
DFW,332,2,1,1,0,0
LAX,313,2,2,0,0,0
ATL,316,2,2,0,0,0
ATL,306,2,2,0,0,0
IAD,330,2,1,1,0,0
LGA,322,2,2,0,0,0
DCA,321,2,1,1,0,0
LGA,333,2,2,0,0,0
LAX,331,2,2,0,0,0
LGA,328,2,2,0,0,0
DCA,328,2,2,0,0,0
BOS,322,2,2,0,0,0
DCA,307,2,2,0,0,0
LAS,306,2,0,0,2,0
LAX,312,2,2,0,0,0
DCA,317,2,2,0,0,0
ORD,306,2,2,0,0,0
BOS,307,2,2,0,0,0
IAD,329,2,2,0,0,0
DEN,330,2,2,0,0,0
SFO,328,2,1,1,0,0
SFO,313,2,1,1,0,0
IAH,319,2,2,0,0,0
EWR,321,2,2,0,0,0
IAD,323,2,2,0,0,0
IAH,316,2,0,2,0,0
SFO,327,2,0,2,0,0
DEN,325,2,2,0,0,0
DEN,322,2,2,0,0,0
SFO,312,2,2,0,0,0
DFW,292,2,2,0,0,0
DFW,304,2,2,0,0,0
DFW,279,2,2,0,0,0
DFW,280,2,2,0,0,0
DFW,290,2,1,0,1,0
IAH,288,2,2,0,0,0
JFK,292,2,2,0,0,0
DTW,289,2,1,0,1,0
JFK,303,2,1,0,1,0
ATL,296,2,0,0,2,0
JFK,298,2,2,0,0,0
DCA,296,2,1,0,1,0
DCA,295,2,2,0,0,0
DCA,303,2,2,0,0,0
DFW,301,2,1,0,1,0
LAS,300,2,2,0,0,0
LAX,298,2,2,0,0,0
DCA,298,2,2,0,0,0
DCA,297,2,2,0,0,0
DCA,294,2,2,0,0,0
LGA,293,2,2,0,0,0
DCA,280,2,2,0,0,0
DCA,279,2,2,0,0,0
DEN,302,2,2,0,0,0
SFO,282,2,2,0,0,0
DFW,294,2,2,0,0,0
ORD,281,2,1,0,1,0
BOS,289,2,2,0,0,0
BOS,304,2,2,0,0,0
DEN,299,2,2,0,0,0
ORD,275,2,2,0,0,0
DEN,298,2,2,0,0,0
DEN,304,2,2,0,0,0
ORD,296,2,2,0,0,0
SFO,276,2,0,0,2,0
SFO,304,2,0,0,2,0
IAD,298,2,2,0,0,0
LGA,294,2,2,0,0,0
IAD,290,2,2,0,0,0
DEN,290,2,2,0,0,0
ATL,284,2,2,0,0,0
DTW,290,2,0,1,1,0
LAS,304,2,1,0,1,0
DTW,299,2,1,0,1,0
SFO,295,2,0,2,0,0
DEN,295,2,2,0,0,0
LAS,290,2,2,0,0,0
LAX,287,2,2,0,0,0
DEN,279,2,2,0,0,0
IAH,252,2,0,2,0,0
DFW,251,2,2,0,0,0
IAH,267,2,2,0,0,0
JFK,272,2,2,0,0,0
DTW,258,2,1,1,0,0
EWR,259,2,2,0,0,0
JFK,264,2,0,2,0,0
ORD,271,2,2,0,0,0
DFW,271,2,2,0,0,0
LGA,264,2,2,0,0,0
BOS,271,2,1,0,1,0
BOS,267,2,2,0,0,0
EWR,264,2,1,0,1,0
LGA,260,2,2,0,0,0
LAS,254,2,2,0,0,0
BOS,250,2,2,0,0,0
DCA,245,2,1,1,0,0
SFO,246,2,1,1,0,0
SFO,268,2,2,0,0,0
ORD,250,2,2,0,0,0
IAD,246,2,2,0,0,0
SFO,245,2,2,0,0,0
SFO,263,2,2,0,0,0
SFO,271,2,1,1,0,0
SFO,266,2,1,1,0,0
DCA,250,2,2,0,0,0
DTW,262,2,2,0,0,0
LAS,87,2,2,0,0,0
LAX,278,2,2,0,0,0
IAH,269,2,1,1,0,0
LAS,272,2,2,0,0,0
LAX,266,2,1,1,0,0
IAH,187,2,2,0,0,0
LGA,221,2,2,0,0,0
EWR,76,2,0,1,1,0
IAH,214,2,2,0,0,0
DCA,130,2,2,0,0,0
DFW,242,2,2,0,0,0
EWR,249,2,0,1,1,0
DCA,265,2,1,0,1,0
JFK,242,2,2,0,0,0
BOS,275,2,2,0,0,0
LGA,236,2,2,0,0,0
LAS,239,2,2,0,0,0
DCA,235,2,2,0,0,0
LAS,228,2,2,0,0,0
LAS,215,2,1,0,1,0
IAD,231,2,0,2,0,0
LAS,229,2,2,0,0,0
BOS,239,2,2,0,0,0
IAD,240,2,2,0,0,0
IAD,229,2,2,0,0,0
SFO,237,2,2,0,0,0
LGA,234,2,0,2,0,0
JFK,230,2,2,0,0,0
DEN,135,2,2,0,0,0
IAD,234,2,0,2,0,0
IAH,241,2,1,1,0,0
ATL,144,2,2,0,0,0
LAS,341,2,1,1,0,0
LAS,243,2,1,1,0,0
LAS,277,2,2,0,0,0
LAX,241,2,2,0,0,0
DTW,231,2,0,2,0,0
ATL,183,2,1,1,0,0
IAH,190,2,1,1,0,0
LAX,220,2,2,0,0,0
SFO,267,2,1,0,1,0
JFK,196,2,2,0,0,0
IAH,79,2,2,0,0,0
LGA,277,2,2,0,0,0
JFK,193,2,2,0,0,0
LAS,182,2,2,0,0,0
IAD,195,2,2,0,0,0
EWR,192,2,2,0,0,0
LAS,206,2,2,0,0,0
SFO,184,2,2,0,0,0
DFW,207,2,2,0,0,0
DCA,207,2,2,0,0,0
ATL,196,2,2,0,0,0
DEN,198,2,2,0,0,0
IAD,212,2,2,0,0,0
IAH,237,2,2,0,0,0
EWR,200,2,2,0,0,0
ATL,278,2,2,0,0,0
IAH,191,2,1,0,1,0
BOS,243,2,1,1,0,0
IAD,268,2,1,0,1,0
LAS,311,2,1,0,1,0
IAH,119,2,2,0,0,0
EWR,133,2,1,0,1,0
ATL,200,2,2,0,0,0
JFK,192,2,2,0,0,0
DCA,340,2,2,0,0,0
DCA,185,2,2,0,0,0
JFK,89,2,2,0,0,0
LAX,221,2,1,1,0,0
DCA,266,2,1,0,1,0
SFO,163,2,2,0,0,0
BOS,235,2,2,0,0,0
JFK,25,2,2,0,0,0
DCA,322,2,1,0,1,0
LAS,203,2,2,0,0,0
IAH,83,2,2,0,0,0
LAS,193,2,2,0,0,0
JFK,38,2,1,0,1,0
ATL,169,2,1,0,1,0
JFK,235,2,2,0,0,0
DTW,207,2,2,0,0,0
JFK,20,2,2,0,0,0
SFO,269,2,2,0,0,0
DTW,172,2,1,1,0,0
LGA,152,2,0,2,0,0
LAS,312,2,2,0,0,0
ATL,176,2,2,0,0,0
LGA,172,2,2,0,0,0
DCA,172,2,2,0,0,0
EWR,172,2,2,0,0,0
LAS,15,2,2,0,0,0
DCA,158,2,2,0,0,0
EWR,152,2,2,0,0,0
IAH,192,2,1,0,1,0
SFO,165,2,2,0,0,0
DEN,178,2,0,2,0,0
IAD,358,2,1,1,0,0
LAX,178,2,2,0,0,0
LAX,158,2,2,0,0,0
JFK,171,2,2,0,0,0
EWR,95,2,1,0,1,0
IAD,327,2,1,1,0,0
IAH,159,2,0,1,1,0
LAX,299,2,0,2,0,0
DEN,241,2,0,2,0,0
LAX,267,2,1,1,0,0
LGA,274,2,2,0,0,0
IAH,165,2,2,0,0,0
JFK,241,2,2,0,0,0
DEN,153,2,2,0,0,0
JFK,153,2,2,0,0,0
SFO,270,2,0,2,0,0
DTW,246,2,2,0,0,0
EWR,248,2,0,2,0,0
LAS,207,2,2,0,0,0
ATL,270,2,2,0,0,0
IAH,176,2,0,2,0,0
IAH,167,2,0,2,0,0
DTW,179,2,1,0,1,0
IAH,181,2,1,1,0,0
IAD,241,2,2,0,0,0
IAD,163,2,1,0,1,0
DTW,112,2,1,0,1,0
IAD,299,2,1,1,0,0
DTW,191,2,1,0,1,0
SFO,289,2,2,0,0,0
LAX,145,2,2,0,0,0
LAS,18,2,1,1,0,0
LAS,19,2,2,0,0,0
IAH,169,2,1,1,0,0
DTW,124,2,2,0,0,0
JFK,135,2,2,0,0,0
DCA,273,2,2,0,0,0
DFW,144,2,2,0,0,0
JFK,183,2,1,0,1,0
IAD,271,2,0,0,2,0
IAD,225,2,2,0,0,0
ATL,71,2,1,0,1,0
ATL,124,2,1,0,1,0
DTW,182,2,1,0,1,0
IAD,137,2,2,0,0,0
EWR,131,2,0,0,2,0
DCA,141,2,2,0,0,0
DCA,150,2,1,0,1,0
DEN,150,2,1,1,0,0
BOS,150,2,1,1,0,0
IAD,125,2,2,0,0,0
SFO,143,2,2,0,0,0
BOS,145,2,2,0,0,0
DEN,145,2,2,0,0,0
LAX,138,2,2,0,0,0
LAX,151,2,2,0,0,0
LAX,149,2,2,0,0,0
ATL,151,2,1,1,0,0
LAS,146,2,2,0,0,0
IAD,140,2,1,0,1,0
IAH,72,2,2,0,0,0
IAH,183,2,1,1,0,0
DEN,128,2,1,1,0,0
IAD,127,2,1,1,0,0
DFW,158,2,1,0,1,0
BOS,113,2,2,0,0,0
LAS,121,2,2,0,0,0
ATL,111,2,2,0,0,0
LAS,149,2,2,0,0,0
DCA,326,2,2,0,0,0
BOS,316,2,1,0,1,0
LAS,139,2,2,0,0,0
LAX,137,2,2,0,0,0
LAS,137,2,2,0,0,0
BOS,225,2,2,0,0,0
LAS,129,2,2,0,0,0
EWR,97,2,2,0,0,0
LAS,158,2,2,0,0,0
LAX,144,2,2,0,0,0
EWR,124,2,1,1,0,0
IAD,134,2,2,0,0,0
JFK,105,2,2,0,0,0
LAS,200,2,2,0,0,0
DCA,109,2,2,0,0,0
JFK,93,2,1,0,1,0
JFK,207,2,0,2,0,0
JFK,17,2,2,0,0,0
LAS,91,2,2,0,0,0
DEN,359,2,1,0,1,0
JFK,32,2,2,0,0,0
DCA,103,2,1,1,0,0
IAH,6,2,2,0,0,0
LGA,120,2,2,0,0,0
SFO,103,2,1,1,0,0
SFO,242,2,2,0,0,0
IAD,83,2,2,0,0,0
ORD,144,2,2,0,0,0
DEN,250,2,2,0,0,0
BOS,338,2,2,0,0,0
IAH,89,2,1,1,0,0
JFK,117,2,2,0,0,0
LGA,135,2,1,1,0,0
IAD,111,2,2,0,0,0
DTW,111,2,2,0,0,0
JFK,87,2,2,0,0,0
LAS,103,2,2,0,0,0
IAD,103,2,2,0,0,0
EWR,189,2,2,0,0,0
JFK,116,2,2,0,0,0
EWR,112,2,2,0,0,0
IAH,308,2,2,0,0,0
DTW,328,2,2,0,0,0
DCA,142,2,0,0,2,0
DEN,96,2,2,0,0,0
LAS,118,2,1,0,1,0
LAX,114,2,2,0,0,0
DCA,221,2,2,0,0,0
SFO,299,2,1,1,0,0
SFO,93,2,2,0,0,0
IAH,15,2,0,2,0,0
LAX,60,2,2,0,0,0
EWR,72,2,2,0,0,0
DTW,73,2,0,2,0,0
JFK,85,2,2,0,0,0
DFW,268,2,2,0,0,0
JFK,125,2,2,0,0,0
DEN,364,2,0,2,0,0
EWR,113,2,2,0,0,0
DFW,172,2,2,0,0,0
SFO,152,2,2,0,0,0
DCA,108,2,2,0,0,0
DTW,106,2,1,1,0,0
IAH,102,2,2,0,0,0
IAH,11,2,1,1,0,0
DFW,88,2,2,0,0,0
JFK,35,2,1,1,0,0
DEN,106,2,2,0,0,0
DCA,82,2,2,0,0,0
LAS,309,2,2,0,0,0
DTW,32,2,1,0,1,0
SFO,272,2,2,0,0,0
BOS,84,2,2,0,0,0
DCA,70,2,1,0,1,0
IAD,230,2,2,0,0,0
LAS,284,2,2,0,0,0
LAX,88,2,2,0,0,0
EWR,84,2,1,0,1,0
EWR,87,2,0,0,2,0
BOS,125,2,2,0,0,0
IAH,230,2,0,2,0,0
SFO,89,2,2,0,0,0
LAX,292,2,2,0,0,0
IAH,146,2,2,0,0,0
JFK,259,2,1,1,0,0
IAH,82,2,2,0,0,0
IAH,86,2,2,0,0,0
BOS,291,2,2,0,0,0
EWR,212,2,2,0,0,0
BOS,234,2,1,1,0,0
ATL,112,2,2,0,0,0
IAH,96,2,2,0,0,0
LAS,233,2,2,0,0,0
JFK,291,2,2,0,0,0
JFK,239,2,2,0,0,0
LAS,75,2,2,0,0,0
BOS,266,2,1,0,1,0
JFK,6,2,2,0,0,0
ORD,230,2,2,0,0,0
JFK,110,2,1,1,0,0
JFK,92,2,1,1,0,0
IAD,260,2,2,0,0,0
JFK,326,2,2,0,0,0
IAD,317,2,2,0,0,0
SFO,326,2,2,0,0,0
LGA,360,2,2,0,0,0
IAD,333,2,1,1,0,0
JFK,103,2,2,0,0,0
ATL,134,2,2,0,0,0
SFO,330,2,1,1,0,0
ORD,95,2,1,0,1,0
JFK,350,2,1,1,0,0
LAS,114,2,2,0,0,0
IAH,138,2,2,0,0,0
JFK,308,2,1,1,0,0
DTW,259,2,2,0,0,0
IAD,104,2,2,0,0,0
BOS,46,2,0,2,0,0
LGA,46,2,1,1,0,0
EWR,217,2,1,1,0,0
BOS,253,2,2,0,0,0
LAX,193,2,2,0,0,0
EWR,230,2,2,0,0,0
DCA,312,2,1,0,1,0
LAS,144,2,2,0,0,0
LAS,245,2,0,2,0,0
JFK,55,2,0,0,2,0
DEN,281,2,2,0,0,0
LGA,185,2,2,0,0,0
ATL,45,2,2,0,0,0
LGA,117,2,2,0,0,0
EWR,237,2,1,1,0,0
LAS,31,2,1,1,0,0
IAD,295,2,2,0,0,0
BOS,300,2,2,0,0,0
DTW,76,2,2,0,0,0
JFK,136,2,2,0,0,0
IAD,108,2,2,0,0,0
SFO,359,2,1,0,1,0
BOS,120,2,2,0,0,0
SFO,37,2,1,1,0,0
JFK,58,2,1,1,0,0
LAS,10,2,2,0,0,0
IAH,335,2,1,1,0,0
DCA,333,2,2,0,0,0
JFK,213,2,2,0,0,0
LAX,286,2,0,1,1,0
JFK,19,2,2,0,0,0
BOS,265,2,1,0,1,0
JFK,1,2,2,0,0,0
LGA,39,2,2,0,0,0
SFO,17,2,2,0,0,0
BOS,49,2,1,0,1,0
LAS,211,2,2,0,0,0
ATL,228,2,2,0,0,0
IAH,55,2,1,1,0,0
JFK,240,2,2,0,0,0
EWR,337,2,1,1,0,0
EWR,17,2,2,0,0,0
SFO,293,2,1,1,0,0
DTW,349,2,0,2,0,0
LAS,94,2,2,0,0,0
BOS,248,2,2,0,0,0
JFK,262,2,2,0,0,0
EWR,54,2,2,0,0,0
LAS,109,2,2,0,0,0
JFK,160,2,2,0,0,0
LAS,45,2,2,0,0,0
LAS,82,2,2,0,0,0
LAS,319,2,2,0,0,0
DFW,250,2,2,0,0,0
ATL,279,2,1,0,1,0
ATL,143,2,1,1,0,0
BOS,146,2,2,0,0,0
IAH,75,2,0,2,0,0
DFW,298,2,2,0,0,0
IAH,166,2,1,0,1,0
BOS,25,2,0,2,0,0
ATL,266,2,2,0,0,0
LAS,96,2,2,0,0,0
BOS,282,2,1,0,1,0
EWR,149,2,2,0,0,0
ORD,330,2,2,0,0,0
DTW,244,2,0,2,0,0
DTW,193,2,1,1,0,0
SFO,280,2,1,0,1,0
IAD,74,2,0,1,1,0
SFO,44,2,1,0,1,0
LGA,186,2,1,0,1,0
IAH,115,2,2,0,0,0
IAD,359,2,1,1,0,0
ATL,186,2,1,1,0,0
DCA,182,2,2,0,0,0
JFK,154,2,2,0,0,0
EWR,22,2,0,0,2,0
EWR,23,2,1,1,0,0
LAS,122,2,2,0,0,0
SFO,288,2,2,0,0,0
LAS,150,2,2,0,0,0
DTW,17,2,2,0,0,0
EWR,7,2,1,1,0,0
IAH,179,2,0,1,1,0
DEN,260,2,1,1,0,0
DFW,270,2,2,0,0,0
IAH,29,2,0,2,0,0
SFO,221,2,2,0,0,0
JFK,126,2,2,0,0,0
IAD,141,2,2,0,0,0
EWR,11,2,1,0,1,0
LAS,265,2,2,0,0,0
JFK,45,2,2,0,0,0
ATL,276,2,1,0,1,0
BOS,7,2,1,1,0,0
LAS,220,2,1,1,0,0
DEN,265,2,0,2,0,0
IAH,28,2,1,1,0,0
IAH,8,2,0,2,0,0
DTW,39,2,0,0,2,0
DEN,22,2,2,0,0,0
EWR,26,2,2,0,0,0
EWR,25,2,1,1,0,0
DTW,116,2,1,1,0,0
LAX,341,2,1,1,0,0
IAH,41,2,0,2,0,0
JFK,134,2,2,0,0,0
IAH,20,2,1,1,0,0
IAH,365,2,1,0,1,0
ATL,327,2,2,0,0,0
ORD,320,2,0,2,0,0
IAH,133,2,2,0,0,0
JFK,305,2,2,0,0,0
SFO,232,2,2,0,0,0
IAH,131,2,2,0,0,0
ATL,60,2,2,0,0,0
LGA,324,2,2,0,0,0
SFO,107,2,2,0,0,0
LGA,235,2,2,0,0,0
EWR,284,2,2,0,0,0
ATL,119,2,2,0,0,0
EWR,114,2,2,0,0,0
SFO,219,2,1,0,1,0
ATL,17,2,1,1,0,0
BOS,251,2,1,0,1,0
BOS,244,2,1,1,0,0
IAH,120,2,1,0,1,0
EWR,300,2,1,1,0,0
DTW,45,2,1,0,1,0
BOS,276,2,1,0,1,0
DFW,74,2,2,0,0,0
DTW,188,2,2,0,0,0
IAH,1,2,2,0,0,0
IAH,59,2,1,1,0,0
LGA,242,2,1,1,0,0
DFW,82,2,2,0,0,0
LGA,17,2,1,1,0,0
IAH,19,2,1,1,0,0
BOS,130,2,2,0,0,0
DEN,306,2,2,0,0,0
BOS,135,2,2,0,0,0
JFK,7,2,1,1,0,0
IAD,305,2,2,0,0,0
DTW,251,2,0,0,2,0
JFK,191,2,1,0,1,0
DTW,229,2,2,0,0,0
IAD,324,2,2,0,0,0
IAH,156,2,0,1,1,0
EWR,241,2,2,0,0,0
LAX,363,2,2,0,0,0
LAX,229,2,2,0,0,0
JFK,22,2,2,0,0,0
JFK,24,2,1,0,1,0
JFK,144,2,2,0,0,0
IAH,346,2,0,2,0,0
SFO,102,2,2,0,0,0
DEN,327,2,1,1,0,0
JFK,343,1,1,0,0,0
JFK,339,1,0,1,0,0
BOS,336,1,1,0,0,0
DFW,336,1,1,0,0,0
LGA,340,1,1,0,0,0
EWR,342,1,1,0,0,0
JFK,341,1,1,0,0,0
LGA,364,1,1,0,0,0
LGA,349,1,1,0,0,0
LAX,348,1,1,0,0,0
DTW,338,1,0,1,0,0
JFK,351,1,0,1,0,0
LGA,339,1,1,0,0,0
DEN,363,1,1,0,0,0
EWR,360,1,0,0,1,0
IAH,364,1,1,0,0,0
DCA,313,1,1,0,0,0
ATL,308,1,1,0,0,0
IAH,310,1,0,1,0,0
JFK,309,1,1,0,0,0
EWR,324,1,1,0,0,0
LGA,312,1,1,0,0,0
ATL,328,1,1,0,0,0
DFW,312,1,1,0,0,0
DFW,306,1,1,0,0,0
DFW,322,1,1,0,0,0
DCA,332,1,1,0,0,0
DFW,326,1,1,0,0,0
DFW,320,1,1,0,0,0
DTW,323,1,1,0,0,0
DTW,322,1,0,1,0,0
DTW,324,1,1,0,0,0
DTW,333,1,1,0,0,0
JFK,329,1,1,0,0,0
BOS,334,1,1,0,0,0
ATL,333,1,1,0,0,0
LGA,326,1,1,0,0,0
LAX,320,1,1,0,0,0
IAD,311,1,1,0,0,0
DEN,318,1,1,0,0,0
LGA,332,1,1,0,0,0
IAD,316,1,1,0,0,0
LAX,334,1,0,1,0,0
IAH,323,1,1,0,0,0
IAD,334,1,0,1,0,0
DEN,333,1,0,1,0,0
IAD,326,1,1,0,0,0
DEN,326,1,1,0,0,0
IAD,315,1,1,0,0,0
SFO,332,1,0,0,1,0
LAX,332,1,0,0,1,0
LAX,330,1,1,0,0,0
LAS,320,1,1,0,0,0
DEN,320,1,1,0,0,0
DEN,319,1,1,0,0,0
IAD,282,1,0,1,0,0
EWR,275,1,1,0,0,0
IAH,302,1,0,1,0,0
JFK,290,1,0,1,0,0
ORD,285,1,1,0,0,0
DFW,277,1,1,0,0,0
ATL,288,1,1,0,0,0
EWR,294,1,1,0,0,0
LAX,285,1,1,0,0,0
LAS,285,1,1,0,0,0
BOS,284,1,1,0,0,0
DFW,300,1,1,0,0,0
DFW,287,1,1,0,0,0
DFW,291,1,1,0,0,0
LGA,292,1,1,0,0,0
EWR,296,1,1,0,0,0
SFO,284,1,1,0,0,0
JFK,294,1,1,0,0,0
JFK,293,1,1,0,0,0
DTW,300,1,1,0,0,0
ATL,275,1,1,0,0,0
BOS,288,1,1,0,0,0
ATL,295,1,0,0,1,0
ATL,292,1,1,0,0,0
ATL,290,1,0,0,1,0
EWR,304,1,0,0,1,0
ATL,301,1,1,0,0,0
BOS,297,1,1,0,0,0
ATL,294,1,1,0,0,0
DCA,293,1,1,0,0,0
IAH,303,1,1,0,0,0
DCA,288,1,1,0,0,0
BOS,285,1,1,0,0,0
LAS,278,1,1,0,0,0
DCA,278,1,1,0,0,0
DEN,303,1,1,0,0,0
DEN,287,1,1,0,0,0
EWR,287,1,1,0,0,0
DEN,275,1,1,0,0,0
ORD,286,1,1,0,0,0
DEN,277,1,1,0,0,0
IAD,281,1,1,0,0,0
DTW,296,1,1,0,0,0
IAH,311,1,1,0,0,0
SFO,286,1,1,0,0,0
IAH,280,1,1,0,0,0
ATL,312,1,1,0,0,0
IAH,342,1,1,0,0,0
DEN,296,1,0,1,0,0
DTW,293,1,1,0,0,0
DTW,281,1,1,0,0,0
IAD,280,1,1,0,0,0
IAD,275,1,1,0,0,0
IAH,286,1,0,1,0,0
EWR,290,1,0,0,1,0
LAS,297,1,1,0,0,0
SFO,296,1,1,0,0,0
SFO,277,1,0,0,1,0
EWR,251,1,1,0,0,0
IAD,245,1,1,0,0,0
EWR,247,1,1,0,0,0
LAX,262,1,1,0,0,0
IAH,266,1,1,0,0,0
IAH,264,1,0,0,1,0
IAD,270,1,1,0,0,0
JFK,267,1,1,0,0,0
DCA,267,1,1,0,0,0
DEN,253,1,1,0,0,0
ORD,265,1,0,0,1,0
ORD,270,1,1,0,0,0
DTW,272,1,0,0,1,0
EWR,323,1,1,0,0,0
EWR,274,1,1,0,0,0
LGA,297,1,1,0,0,0
ATL,267,1,0,0,1,0
BOS,263,1,1,0,0,0
DEN,269,1,1,0,0,0
EWR,265,1,1,0,0,0
DCA,261,1,0,0,1,0
LAS,250,1,1,0,0,0
BOS,247,1,0,0,1,0
DEN,254,1,1,0,0,0
DEN,249,1,1,0,0,0
DEN,262,1,1,0,0,0
JFK,271,1,1,0,0,0
ORD,254,1,1,0,0,0
JFK,261,1,0,0,1,0
EWR,327,1,1,0,0,0
DEN,267,1,1,0,0,0
IAD,264,1,1,0,0,0
DEN,264,1,1,0,0,0
LAX,290,1,1,0,0,0
EWR,263,1,0,0,1,0
LAX,265,1,1,0,0,0
LAX,263,1,1,0,0,0
DTW,135,1,1,0,0,0
DTW,313,1,1,0,0,0
DCA,324,1,1,0,0,0
EWR,243,1,0,1,0,0
DCA,228,1,1,0,0,0
ORD,242,1,1,0,0,0
DTW,224,1,1,0,0,0
SFO,226,1,0,1,0,0
DTW,236,1,1,0,0,0
ATL,242,1,1,0,0,0
DEN,154,1,1,0,0,0
IAH,229,1,1,0,0,0
DCA,243,1,1,0,0,0
JFK,106,1,1,0,0,0
BOS,232,1,1,0,0,0
JFK,232,1,1,0,0,0
IAH,91,1,0,1,0,0
BOS,241,1,1,0,0,0
LAS,232,1,1,0,0,0
EWR,221,1,0,0,1,0
DEN,235,1,1,0,0,0
IAH,221,1,1,0,0,0
IAD,233,1,1,0,0,0
LAX,243,1,0,1,0,0
BOS,88,1,1,0,0,0
DEN,340,1,1,0,0,0
EWR,213,1,0,1,0,0
DTW,240,1,1,0,0,0
DEN,286,1,0,0,1,0
DTW,195,1,0,0,1,0
EWR,196,1,1,0,0,0
IAD,251,1,1,0,0,0
JFK,182,1,1,0,0,0
SFO,193,1,1,0,0,0
DFW,200,1,1,0,0,0
IAH,211,1,0,1,0,0
DFW,187,1,0,0,1,0
EWR,185,1,1,0,0,0
IAH,97,1,1,0,0,0
IAH,336,1,0,1,0,0
ATL,313,1,1,0,0,0
IAH,150,1,1,0,0,0
IAD,197,1,1,0,0,0
BOS,293,1,1,0,0,0
LAS,298,1,1,0,0,0
JFK,304,1,1,0,0,0
IAH,198,1,1,0,0,0
ATL,210,1,0,1,0,0
LGA,207,1,1,0,0,0
DTW,186,1,1,0,0,0
DFW,184,1,1,0,0,0
IAD,211,1,1,0,0,0
JFK,142,1,1,0,0,0
DTW,317,1,1,0,0,0
IAH,103,1,1,0,0,0
IAH,290,1,0,0,1,0
DTW,187,1,1,0,0,0
JFK,39,1,1,0,0,0
LAS,185,1,1,0,0,0
BOS,109,1,1,0,0,0
DTW,200,1,1,0,0,0
IAD,196,1,1,0,0,0
JFK,158,1,1,0,0,0
BOS,280,1,1,0,0,0
EWR,117,1,1,0,0,0
IAH,210,1,1,0,0,0
IAH,136,1,1,0,0,0
ATL,125,1,1,0,0,0
EWR,207,1,1,0,0,0
IAH,104,1,0,0,1,0
EWR,271,1,0,0,1,0
DEN,293,1,1,0,0,0
JFK,168,1,0,1,0,0
IAH,157,1,1,0,0,0
ORD,170,1,1,0,0,0
DTW,247,1,0,0,1,0
DTW,153,1,1,0,0,0
BOS,242,1,1,0,0,0
EWR,123,1,0,0,1,0
IAH,281,1,0,1,0,0
DTW,152,1,1,0,0,0
DFW,348,1,1,0,0,0
IAH,14,1,0,1,0,0
SFO,309,1,1,0,0,0
JFK,274,1,1,0,0,0
ATL,153,1,1,0,0,0
LAS,153,1,1,0,0,0
EWR,154,1,0,0,1,0
BOS,154,1,1,0,0,0
JFK,164,1,1,0,0,0
IAH,224,1,1,0,0,0
EWR,164,1,0,1,0,0
DTW,263,1,0,0,1,0
LAS,172,1,1,0,0,0
IAD,105,1,1,0,0,0
ORD,186,1,0,1,0,0
IAD,172,1,1,0,0,0
IAH,249,1,0,1,0,0
LAS,157,1,1,0,0,0
BOS,117,1,1,0,0,0
EWR,130,1,1,0,0,0
IAH,152,1,1,0,0,0
BOS,278,1,1,0,0,0
DTW,50,1,1,0,0,0
IAH,174,1,0,1,0,0
LAS,270,1,1,0,0,0
LAS,177,1,1,0,0,0
BOS,134,1,1,0,0,0
EWR,125,1,0,0,1,0
IAH,132,1,0,1,0,0
EWR,268,1,0,0,1,0
SFO,145,1,1,0,0,0
ATL,293,1,1,0,0,0
ATL,148,1,1,0,0,0
IAH,127,1,1,0,0,0
EWR,127,1,0,1,0,0
EWR,150,1,0,0,1,0
JFK,150,1,0,0,1,0
IAH,145,1,1,0,0,0
BOS,142,1,1,0,0,0
JFK,123,1,1,0,0,0
JFK,128,1,1,0,0,0
EWR,139,1,1,0,0,0
JFK,124,1,1,0,0,0
DTW,148,1,1,0,0,0
DTW,140,1,0,0,1,0
BOS,360,1,1,0,0,0
DTW,134,1,1,0,0,0
DTW,133,1,1,0,0,0
IAH,148,1,1,0,0,0
JFK,139,1,1,0,0,0
JFK,131,1,1,0,0,0
JFK,143,1,1,0,0,0
IAD,243,1,1,0,0,0
EWR,282,1,1,0,0,0
LAS,123,1,1,0,0,0
DCA,336,1,1,0,0,0
DCA,146,1,1,0,0,0
DCA,135,1,1,0,0,0
IAD,138,1,1,0,0,0
IAD,126,1,1,0,0,0
EWR,134,1,1,0,0,0
ATL,107,1,1,0,0,0
EWR,137,1,1,0,0,0
DTW,150,1,0,0,1,0
IAH,143,1,1,0,0,0
JFK,260,1,0,0,1,0
DCA,244,1,0,1,0,0
ATL,291,1,1,0,0,0
JFK,138,1,1,0,0,0
LGA,144,1,1,0,0,0
EWR,224,1,1,0,0,0
DTW,141,1,0,0,1,0
LAX,269,1,1,0,0,0
DCA,260,1,1,0,0,0
DTW,316,1,1,0,0,0
IAD,136,1,0,0,1,0
DTW,295,1,1,0,0,0
ATL,277,1,1,0,0,0
ORD,293,1,1,0,0,0
LAS,125,1,1,0,0,0
DCA,93,1,1,0,0,0
IAH,95,1,1,0,0,0
IAH,173,1,0,1,0,0
LGA,285,1,1,0,0,0
JFK,108,1,1,0,0,0
LAS,102,1,1,0,0,0
IAH,93,1,1,0,0,0
SFO,320,1,1,0,0,0
DCA,95,1,1,0,0,0
JFK,97,1,0,0,1,0
JFK,112,1,1,0,0,0
EWR,109,1,1,0,0,0
DEN,272,1,1,0,0,0
DCA,134,1,1,0,0,0
DTW,107,1,1,0,0,0
DTW,119,1,0,0,1,0
JFK,113,1,1,0,0,0
EWR,110,1,0,0,1,0
DTW,108,1,1,0,0,0
EWR,229,1,1,0,0,0
LGA,334,1,1,0,0,0
LGA,81,1,1,0,0,0
DTW,266,1,1,0,0,0
EWR,197,1,1,0,0,0
BOS,103,1,1,0,0,0
DEN,114,1,1,0,0,0
BOS,89,1,1,0,0,0
IAD,109,1,1,0,0,0
EWR,107,1,1,0,0,0
DTW,185,1,1,0,0,0
DTW,110,1,0,1,0,0
IAD,106,1,1,0,0,0
IAD,107,1,1,0,0,0
DTW,303,1,1,0,0,0
DCA,81,1,1,0,0,0
SFO,241,1,1,0,0,0
LAS,271,1,1,0,0,0
IAD,142,1,1,0,0,0
DCA,74,1,1,0,0,0
JFK,306,1,1,0,0,0
ATL,110,1,1,0,0,0
IAH,239,1,1,0,0,0
EWR,120,1,1,0,0,0
BOS,363,1,0,1,0,0
EWR,143,1,1,0,0,0
LAS,115,1,1,0,0,0
JFK,316,1,0,0,1,0
LAX,117,1,1,0,0,0
IAH,235,1,0,1,0,0
DFW,334,1,1,0,0,0
IAH,272,1,1,0,0,0
IAH,81,1,1,0,0,0
IAH,61,1,1,0,0,0
EWR,116,1,1,0,0,0
JFK,111,1,1,0,0,0
JFK,83,1,1,0,0,0
LAS,111,1,1,0,0,0
DTW,109,1,1,0,0,0
EWR,242,1,0,1,0,0
JFK,72,1,1,0,0,0
JFK,81,1,1,0,0,0
LGA,243,1,1,0,0,0
JFK,74,1,1,0,0,0
SFO,96,1,1,0,0,0
LAS,267,1,1,0,0,0
IAH,88,1,1,0,0,0
DCA,262,1,1,0,0,0
EWR,322,1,1,0,0,0
ATL,126,1,1,0,0,0
BOS,75,1,1,0,0,0
LAS,201,1,1,0,0,0
BOS,74,1,0,1,0,0
ORD,253,1,1,0,0,0
DFW,49,1,1,0,0,0
EWR,96,1,1,0,0,0
DTW,75,1,1,0,0,0
DCA,330,1,0,0,1,0
EWR,108,1,1,0,0,0
BOS,81,1,1,0,0,0
DCA,76,1,1,0,0,0
IAD,360,1,1,0,0,0
LAS,81,1,1,0,0,0
ATL,81,1,1,0,0,0
LAS,73,1,1,0,0,0
JFK,172,1,1,0,0,0
EWR,73,1,0,0,1,0
LAS,61,1,1,0,0,0
LAS,299,1,1,0,0,0
EWR,89,1,1,0,0,0
SFO,297,1,1,0,0,0
IAD,60,1,1,0,0,0
LAS,128,1,1,0,0,0
JFK,364,1,1,0,0,0
LAS,188,1,1,0,0,0
EWR,225,1,1,0,0,0
DTW,138,1,1,0,0,0
ORD,236,1,1,0,0,0
JFK,248,1,1,0,0,0
IAD,321,1,1,0,0,0
DEN,273,1,1,0,0,0
IAH,238,1,0,0,1,0
IAH,360,1,0,1,0,0
DEN,144,1,1,0,0,0
IAD,75,1,1,0,0,0
BOS,82,1,1,0,0,0
IAD,292,1,1,0,0,0
IAD,228,1,1,0,0,0
JFK,349,1,0,0,1,0
SFO,46,1,1,0,0,0
EWR,103,1,1,0,0,0
IAH,84,1,1,0,0,0
JFK,313,1,1,0,0,0
IAD,71,1,0,0,1,0
EWR,298,1,0,1,0,0
IAD,308,1,1,0,0,0
SFO,261,1,1,0,0,0
IAH,158,1,0,1,0,0
IAH,137,1,1,0,0,0
EWR,253,1,1,0,0,0
LAS,235,1,1,0,0,0
DTW,233,1,1,0,0,0
IAH,38,1,1,0,0,0
LAX,306,1,1,0,0,0
EWR,119,1,0,1,0,0
IAD,70,1,1,0,0,0
SFO,321,1,0,1,0,0
IAD,238,1,0,0,1,0
EWR,306,1,1,0,0,0
IAH,39,1,1,0,0,0
EWR,199,1,0,1,0,0
IAH,226,1,1,0,0,0
IAD,73,1,0,1,0,0
EWR,33,1,0,1,0,0
DFW,57,1,1,0,0,0
JFK,57,1,1,0,0,0
BOS,229,1,1,0,0,0
EWR,250,1,0,1,0,0
DTW,264,1,1,0,0,0
LGA,241,1,1,0,0,0
IAH,54,1,1,0,0,0
DCA,253,1,0,0,1,0
SFO,292,1,1,0,0,0
BOS,294,1,1,0,0,0
SFO,40,1,0,1,0,0
LAS,39,1,1,0,0,0
SFO,57,1,1,0,0,0
BOS,9,1,1,0,0,0
DEN,39,1,1,0,0,0
IAD,235,1,1,0,0,0
JFK,149,1,1,0,0,0
DTW,151,1,1,0,0,0
LAX,73,1,0,1,0,0
EWR,4,1,1,0,0,0
LAS,108,1,1,0,0,0
IAH,73,1,1,0,0,0
JFK,258,1,0,1,0,0
LAS,179,1,0,1,0,0
IAH,218,1,1,0,0,0
JFK,46,1,0,1,0,0
DCA,327,1,1,0,0,0
DTW,163,1,1,0,0,0
SFO,264,1,1,0,0,0
IAH,33,1,1,0,0,0
DEN,292,1,1,0,0,0
JFK,9,1,1,0,0,0
LAS,48,1,1,0,0,0
IAH,254,1,0,1,0,0
IAD,143,1,1,0,0,0
LAS,221,1,1,0,0,0
DEN,49,1,1,0,0,0
IAH,189,1,1,0,0,0
IAH,130,1,1,0,0,0
IAH,196,1,1,0,0,0
IAH,53,1,1,0,0,0
JFK,348,1,1,0,0,0
ORD,291,1,1,0,0,0
IAH,109,1,1,0,0,0
LAS,266,1,1,0,0,0
IAH,338,1,0,1,0,0
IAD,278,1,1,0,0,0
EWR,188,1,0,1,0,0
EWR,325,1,1,0,0,0
IAH,309,1,1,0,0,0
JFK,229,1,1,0,0,0
DEN,117,1,1,0,0,0
IAH,240,1,1,0,0,0
IAH,116,1,0,1,0,0
LAS,134,1,0,1,0,0
JFK,14,1,1,0,0,0
LAS,339,1,1,0,0,0
JFK,337,1,1,0,0,0
SFO,298,1,0,1,0,0
EWR,9,1,0,0,1,0
IAH,325,1,1,0,0,0
LAX,40,1,1,0,0,0
JFK,237,1,1,0,0,0
LGA,286,1,1,0,0,0
DEN,94,1,1,0,0,0
IAH,7,1,1,0,0,0
IAH,25,1,0,1,0,0
DFW,117,1,1,0,0,0
LAS,332,1,0,0,1,0
JFK,163,1,1,0,0,0
JFK,133,1,1,0,0,0
IAH,32,1,0,1,0,0
SFO,311,1,1,0,0,0
ATL,109,1,1,0,0,0
EWR,6,1,0,1,0,0
IAD,96,1,1,0,0,0
DTW,249,1,0,1,0,0
DFW,327,1,1,0,0,0
EWR,313,1,0,0,1,0
DEN,40,1,1,0,0,0
ATL,146,1,1,0,0,0
IAH,57,1,1,0,0,0
IAH,60,1,1,0,0,0
IAD,113,1,1,0,0,0
DTW,149,1,1,0,0,0
DTW,274,1,1,0,0,0
DEN,225,1,1,0,0,0
IAH,13,1,0,1,0,0
IAD,267,1,1,0,0,0
EWR,14,1,1,0,0,0
LAS,1,1,1,0,0,0
BOS,364,1,1,0,0,0
IAH,317,1,1,0,0,0
DTW,144,1,1,0,0,0
DCA,61,1,1,0,0,0
IAH,202,1,1,0,0,0
ATL,145,1,1,0,0,0
IAH,35,1,0,1,0,0
SFO,240,1,1,0,0,0
EWR,57,1,1,0,0,0
DTW,261,1,1,0,0,0
JFK,332,1,1,0,0,0
IAD,337,1,1,0,0,0
IAH,111,1,1,0,0,0
IAH,228,1,0,0,1,0
LGA,88,1,1,0,0,0
EWR,88,1,1,0,0,0
